{"data":[{"files":[{"branches":[[13,12,13,36,3,1,0,0,4],[13,40,13,55,3,0,0,0,4]],"expansions":[],"filename":"/Users/croitoruandreea/Desktop/ANUL1/sem2/OOP/LAB/Lab8/contract.cpp","segments":[[7,62,2,true,true,false],[9,2,0,false,false,false],[11,77,1,true,true,false],[13,12,4,true,true,false],[13,36,4,true,false,false],[13,40,3,true,true,false],[13,55,1,true,false,false],[13,56,3,true,false,true],[13,57,3,true,true,false],[16,6,1,true,false,false],[17,2,0,false,false,false],[19,55,6,true,true,false],[21,2,0,false,false,false],[23,33,1,true,true,false],[25,2,0,false,false,false]],"summary":{"branches":{"count":4,"covered":3,"notcovered":1,"percent":75},"functions":{"count":4,"covered":4,"percent":100},"instantiations":{"count":4,"covered":4,"percent":100},"lines":{"count":16,"covered":16,"percent":100},"regions":{"count":8,"covered":8,"notcovered":0,"percent":100}}},{"branches":[],"expansions":[],"filename":"/Users/croitoruandreea/Desktop/ANUL1/sem2/OOP/LAB/Lab8/contract.h","segments":[[16,24,11,true,true,false],[16,25,0,false,false,false]],"summary":{"branches":{"count":0,"covered":0,"notcovered":0,"percent":0},"functions":{"count":1,"covered":1,"percent":100},"instantiations":{"count":1,"covered":1,"percent":100},"lines":{"count":1,"covered":1,"percent":100},"regions":{"count":1,"covered":1,"notcovered":0,"percent":100}}},{"branches":[],"expansions":[],"filename":"/Users/croitoruandreea/Desktop/ANUL1/sem2/OOP/LAB/Lab8/disciplina.h","segments":[[20,41,243,true,true,false],[22,6,0,false,false,false],[28,41,202,true,true,false],[30,6,0,false,false,false],[36,41,189,true,true,false],[38,6,0,false,false,false],[44,39,136,true,true,false],[46,6,0,false,false,false],[56,142,31,true,true,false],[57,1,0,false,true,false],[57,1,31,true,false,false],[58,6,0,false,false,false],[60,111,116,true,true,false],[61,1,0,false,true,false],[61,48,116,true,false,false],[62,6,0,false,false,false]],"summary":{"branches":{"count":0,"covered":0,"notcovered":0,"percent":0},"functions":{"count":6,"covered":6,"percent":100},"instantiations":{"count":6,"covered":6,"percent":100},"lines":{"count":16,"covered":16,"percent":100},"regions":{"count":6,"covered":6,"notcovered":0,"percent":100}}},{"branches":[],"expansions":[],"filename":"/Users/croitoruandreea/Desktop/ANUL1/sem2/OOP/LAB/Lab8/erori.h","segments":[[11,78,35,true,true,false],[11,80,0,false,false,false],[14,24,3,true,true,false],[16,6,0,false,false,false]],"summary":{"branches":{"count":0,"covered":0,"notcovered":0,"percent":0},"functions":{"count":2,"covered":2,"percent":100},"instantiations":{"count":2,"covered":2,"percent":100},"lines":{"count":4,"covered":4,"percent":100},"regions":{"count":2,"covered":2,"notcovered":0,"percent":100}}},{"branches":[],"expansions":[],"filename":"/Users/croitoruandreea/Desktop/ANUL1/sem2/OOP/LAB/Lab8/main.cpp","segments":[[18,12,1,true,true,false],[21,1,0,false,true,false],[21,27,1,true,false,false],[27,1,0,false,true,false],[27,16,1,true,false,false],[29,2,0,false,false,false]],"summary":{"branches":{"count":0,"covered":0,"notcovered":0,"percent":0},"functions":{"count":1,"covered":1,"percent":100},"instantiations":{"count":1,"covered":1,"percent":100},"lines":{"count":10,"covered":10,"percent":100},"regions":{"count":1,"covered":1,"notcovered":0,"percent":100}}},{"branches":[[28,8,28,16,1,28,0,0,4],[58,9,58,25,9,30,0,0,4],[75,8,75,19,2,2,0,0,4],[84,9,84,22,0,2,0,0,4],[85,12,85,21,6,0,0,0,4],[88,13,88,21,0,6,0,0,4],[90,13,90,21,2,4,0,0,4],[92,13,92,21,0,4,0,0,4],[94,13,94,21,0,4,0,0,4],[104,9,104,23,0,2,0,0,4],[105,17,105,18,1,2,0,0,4],[41,17,41,46,13,3,0,0,4],[41,50,41,79,9,4,0,0,4],[41,83,41,112,9,0,0,0,4],[56,17,56,36,20,19,0,0,4],[56,40,56,59,9,11,0,0,4],[56,63,56,82,9,0,0,0,4]],"expansions":[],"filename":"/Users/croitoruandreea/Desktop/ANUL1/sem2/OOP/LAB/Lab8/repo.cpp","segments":[[13,49,29,true,true,false],[14,9,29,true,true,false],[17,6,29,true,false,false],[18,24,28,true,true,false],[20,6,29,true,false,false],[21,2,0,false,false,false],[27,48,29,true,true,false],[28,8,29,true,true,false],[28,16,29,true,false,false],[28,17,1,true,true,false],[30,6,28,true,false,true],[31,5,28,true,true,false],[32,1,0,false,true,false],[32,1,28,true,false,false],[33,2,0,false,false,false],[39,43,13,true,true,false],[40,88,16,true,true,false],[41,17,16,true,true,false],[41,46,16,true,false,false],[41,50,13,true,true,false],[41,79,16,true,false,false],[41,83,9,true,true,false],[41,112,16,true,false,false],[42,6,13,true,false,false],[43,1,0,false,true,false],[43,1,13,true,false,false],[44,2,0,false,false,false],[54,103,39,true,true,false],[55,80,39,true,true,false],[56,17,39,true,true,false],[56,36,39,true,false,false],[56,40,20,true,true,false],[56,59,39,true,false,false],[56,63,9,true,true,false],[56,82,39,true,false,false],[58,9,39,true,true,false],[58,25,39,true,false,false],[58,26,9,true,false,true],[59,9,9,true,true,false],[59,18,39,true,false,false],[59,19,30,true,false,true],[61,9,30,true,true,false],[61,59,39,true,false,false],[62,2,0,false,false,false],[69,68,4,true,true,false],[71,96,12,true,true,false],[73,6,4,true,false,false],[74,1,0,false,true,false],[74,1,4,true,false,false],[75,8,4,true,true,false],[75,19,4,true,false,false],[75,20,2,true,false,true],[76,9,2,true,true,false],[76,59,4,true,false,false],[76,60,2,true,false,true],[77,1,0,false,true,false],[77,1,2,true,false,true],[78,5,2,true,true,false],[78,15,4,true,false,false],[79,2,0,false,false,false],[82,41,2,true,true,false],[84,9,2,true,true,false],[84,22,2,true,false,false],[84,23,0,true,false,true],[84,24,0,true,true,false],[84,78,2,true,false,false],[85,5,2,true,true,false],[85,12,6,true,true,false],[85,21,2,true,false,false],[85,22,6,true,false,true],[85,23,6,true,true,false],[88,13,6,true,true,false],[88,21,6,true,false,false],[88,22,0,true,false,true],[88,23,0,true,true,false],[88,28,6,true,false,false],[89,9,6,true,true,false],[90,13,6,true,true,false],[90,21,6,true,false,false],[90,22,2,true,false,true],[90,23,2,true,true,false],[90,28,6,true,false,false],[90,29,4,true,false,true],[91,9,4,true,true,false],[92,13,4,true,true,false],[92,21,4,true,false,false],[92,22,0,true,false,true],[92,23,0,true,true,false],[92,28,4,true,false,false],[93,9,4,true,true,false],[94,13,4,true,true,false],[94,21,4,true,false,false],[94,22,0,true,false,true],[94,23,0,true,true,false],[94,28,4,true,false,false],[95,9,4,true,true,false],[98,6,2,true,false,false],[100,2,0,false,false,false],[102,40,2,true,true,false],[104,9,2,true,true,false],[104,23,2,true,false,false],[104,24,0,true,false,true],[104,25,0,true,true,false],[104,79,2,true,false,false],[105,5,2,true,true,false],[105,44,1,true,false,true],[105,45,1,true,true,false],[108,6,2,true,false,false],[110,2,0,false,false,false]],"summary":{"branches":{"count":34,"covered":26,"notcovered":8,"percent":76.470588235294116},"functions":{"count":10,"covered":10,"percent":100},"instantiations":{"count":10,"covered":10,"percent":100},"lines":{"count":75,"covered":75,"percent":100},"regions":{"count":50,"covered":45,"notcovered":5,"percent":90}}},{"branches":[],"expansions":[],"filename":"/Users/croitoruandreea/Desktop/ANUL1/sem2/OOP/LAB/Lab8/repo.h","segments":[[16,28,12,true,true,false],[16,29,0,false,false,false],[55,30,12,true,true,false],[55,31,0,false,false,false],[64,42,20,true,true,false],[66,6,0,false,false,false],[83,89,2,true,true,false],[85,6,0,false,false,false],[87,45,1,true,true,false],[90,6,0,false,false,false],[92,40,1,true,true,false],[95,6,0,false,false,false]],"summary":{"branches":{"count":0,"covered":0,"notcovered":0,"percent":0},"functions":{"count":6,"covered":6,"percent":100},"instantiations":{"count":6,"covered":6,"percent":100},"lines":{"count":16,"covered":16,"percent":100},"regions":{"count":6,"covered":6,"notcovered":0,"percent":100}}},{"branches":[[64,23,64,24,2,2,0,0,4],[92,9,92,51,2,1,0,0,4],[92,55,92,98,1,1,0,0,4],[97,13,97,56,1,1,0,0,4],[103,25,103,26,3,1,0,0,4],[110,25,110,26,3,1,0,0,4],[119,9,119,28,1,4,0,0,4]],"expansions":[],"filename":"/Users/croitoruandreea/Desktop/ANUL1/sem2/OOP/LAB/Lab8/service.cpp","segments":[[8,106,15,true,true,false],[13,2,0,false,false,false],[15,109,2,true,true,false],[22,1,0,false,true,false],[22,1,2,true,false,false],[23,2,0,false,false,false],[25,102,3,true,true,false],[30,2,0,false,false,false],[32,115,1,true,true,false],[34,2,0,false,false,false],[36,95,2,true,true,false],[41,2,0,false,false,false],[44,77,1,true,true,false],[45,49,3,true,true,false],[47,6,1,true,false,false],[48,2,0,false,false,false],[50,56,1,true,true,false],[51,46,3,true,true,false],[53,6,1,true,false,false],[54,2,0,false,false,false],[56,78,3,true,true,false],[60,2,0,false,false,false],[62,64,2,true,true,false],[64,29,2,true,false,true],[65,9,2,true,true,false],[65,49,2,true,false,false],[66,2,0,false,false,false],[68,53,1,true,true,false],[71,2,0,false,false,false],[73,63,5,true,true,false],[75,2,0,false,false,false],[77,42,1,true,true,false],[79,2,0,false,false,false],[90,64,3,true,true,false],[91,1,0,false,true,false],[91,1,3,true,false,false],[92,9,3,true,true,false],[92,51,3,true,false,false],[92,55,2,true,true,false],[92,98,3,true,false,false],[92,99,1,true,false,true],[92,100,1,true,true,false],[94,6,2,true,false,true],[95,10,2,true,true,false],[97,13,2,true,true,false],[97,56,2,true,false,false],[97,57,1,true,false,true],[97,58,1,true,true,false],[103,44,3,true,false,true],[103,45,3,true,true,false],[105,14,1,true,false,false],[109,14,1,true,true,false],[110,44,3,true,false,true],[110,45,3,true,true,false],[112,14,1,true,false,false],[113,10,2,true,false,false],[115,6,3,true,false,false],[116,2,0,false,false,false],[118,32,5,true,true,false],[119,9,5,true,true,false],[119,28,5,true,false,false],[119,29,1,true,false,true],[120,9,1,true,true,false],[120,59,5,true,false,false],[120,60,4,true,false,true],[121,5,4,true,true,false],[123,2,0,false,false,false]],"summary":{"branches":{"count":14,"covered":14,"notcovered":0,"percent":100},"functions":{"count":16,"covered":16,"percent":100},"instantiations":{"count":16,"covered":16,"percent":100},"lines":{"count":97,"covered":97,"percent":100},"regions":{"count":30,"covered":30,"notcovered":0,"percent":100}}},{"branches":[],"expansions":[],"filename":"/Users/croitoruandreea/Desktop/ANUL1/sem2/OOP/LAB/Lab8/service.h","segments":[[26,148,11,true,true,false],[27,6,0,false,false,false],[40,42,13,true,true,false],[42,6,0,false,false,false]],"summary":{"branches":{"count":0,"covered":0,"notcovered":0,"percent":0},"functions":{"count":2,"covered":2,"percent":100},"instantiations":{"count":2,"covered":2,"percent":100},"lines":{"count":5,"covered":5,"percent":100},"regions":{"count":2,"covered":2,"notcovered":0,"percent":100}}},{"branches":[[140,9,140,37,1,1,0,0,4]],"expansions":[],"filename":"/Users/croitoruandreea/Desktop/ANUL1/sem2/OOP/LAB/Lab8/teste.cpp","segments":[[9,17,1,true,true,false],[12,36,0,true,false,true],[13,5,1,true,false,false],[14,36,0,true,false,true],[15,1,0,false,true,false],[15,1,0,true,false,true],[16,5,1,true,false,false],[16,8,1,true,true,false],[19,6,1,true,false,false],[20,26,1,true,true,false],[21,99,0,true,false,true],[22,9,1,true,false,false],[23,6,0,true,false,true],[24,1,0,false,true,false],[24,1,0,true,false,true],[25,5,1,true,true,false],[26,34,0,true,false,true],[27,5,1,true,false,false],[27,36,0,true,false,true],[28,5,1,true,false,false],[28,34,0,true,false,true],[29,5,1,true,false,false],[29,30,0,true,false,true],[30,1,0,false,true,false],[31,1,0,true,false,true],[32,5,1,true,false,false],[32,8,1,true,true,false],[35,6,1,true,false,false],[36,27,1,true,true,false],[37,90,0,true,false,true],[38,9,1,true,false,false],[39,6,0,true,false,true],[40,5,1,true,true,false],[41,26,0,true,false,true],[42,1,0,false,true,false],[42,1,0,true,false,true],[43,5,1,true,false,false],[43,8,1,true,true,false],[46,6,1,true,false,false],[47,26,1,true,true,false],[48,90,0,true,false,true],[49,9,1,true,false,false],[50,6,0,true,false,true],[51,1,0,false,true,false],[51,1,0,true,false,true],[52,5,1,true,true,false],[56,2,0,false,false,false],[59,16,1,true,true,false],[66,2,0,false,false,false],[68,19,1,true,true,false],[76,2,0,false,false,false],[78,19,1,true,true,false],[87,1,0,false,true,false],[87,1,1,true,false,false],[88,2,0,false,false,false],[90,19,1,true,true,false],[98,2,0,false,false,false],[100,26,1,true,true,false],[106,36,0,true,false,true],[107,5,1,true,false,false],[110,37,0,true,false,true],[111,5,1,true,false,false],[112,1,0,false,true,false],[112,1,1,true,false,false],[113,2,0,false,false,false],[115,23,1,true,true,false],[121,36,0,true,false,true],[122,5,1,true,false,false],[125,37,0,true,false,true],[126,5,1,true,false,false],[127,1,0,false,true,false],[127,1,1,true,false,false],[128,2,0,false,false,false],[131,64,2,true,true,false],[133,2,0,false,false,false],[135,59,3,true,true,false],[137,2,0,false,false,false],[139,63,2,true,true,false],[140,9,2,true,true,false],[140,37,2,true,false,false],[140,38,1,true,false,true],[140,39,1,true,true,false],[142,6,1,true,false,true],[143,10,1,true,true,false],[145,6,2,true,false,false],[146,2,0,false,false,false],[148,20,1,true,true,false],[149,1,0,false,true,false],[149,1,1,true,false,false],[157,1,0,false,true,false],[157,1,1,true,false,false],[161,1,0,false,true,false],[161,1,1,true,false,false],[162,33,0,true,false,true],[163,9,1,true,false,false],[163,41,0,true,false,true],[164,1,0,false,true,false],[164,1,0,true,false,true],[165,9,1,true,false,false],[165,34,0,true,false,true],[166,9,1,true,false,false],[166,42,0,true,false,true],[167,1,0,false,true,false],[167,1,0,true,false,true],[168,9,1,true,false,false],[168,34,0,true,false,true],[169,9,1,true,false,false],[170,1,0,false,true,false],[170,1,1,true,false,false],[171,2,0,false,false,false],[173,21,1,true,true,false],[183,47,0,true,false,true],[184,5,1,true,false,false],[184,8,1,true,true,false],[186,6,1,true,false,false],[187,26,1,true,true,false],[189,6,0,true,false,true],[190,5,1,true,false,false],[190,11,1,true,true,false],[190,47,0,true,false,true],[191,5,1,true,false,false],[193,47,0,true,false,true],[194,1,0,false,true,false],[194,1,0,true,false,true],[195,5,1,true,false,false],[200,9,1,true,true,false],[202,6,1,true,false,false],[202,36,1,true,true,false],[203,1,0,false,true,false],[203,71,1,true,false,false],[206,2,0,false,false,false],[208,18,1,true,true,false],[213,9,1,true,true,false],[215,6,1,true,false,false],[215,29,1,true,true,false],[217,6,0,true,false,true],[218,5,1,true,true,false],[223,41,0,true,false,true],[224,5,1,true,false,false],[227,9,1,true,true,false],[229,6,1,true,false,false],[229,29,1,true,true,false],[231,6,0,true,false,true],[232,5,1,true,true,false],[234,2,0,false,false,false],[236,20,1,true,true,false],[241,41,0,true,false,true],[242,5,1,true,false,false],[243,41,0,true,false,true],[244,5,1,true,false,false],[245,2,0,false,false,false],[247,15,1,true,true,false],[259,1,0,false,true,false],[259,1,1,true,false,false],[260,2,0,false,false,false]],"summary":{"branches":{"count":2,"covered":2,"notcovered":0,"percent":100},"functions":{"count":15,"covered":15,"percent":100},"instantiations":{"count":15,"covered":15,"percent":100},"lines":{"count":218,"covered":197,"percent":90.366972477064223},"regions":{"count":38,"covered":38,"notcovered":0,"percent":100}}},{"branches":[[72,8,72,21,0,0,0,0,4],[75,29,75,30,0,0,0,0,4],[126,9,126,37,0,0,0,0,4],[139,9,139,23,0,0,0,0,4],[142,15,142,29,0,0,0,0,4],[145,15,145,29,0,0,0,0,4],[177,11,177,20,0,0,0,0,4],[177,24,177,40,0,0,0,0,4],[202,12,202,16,0,0,0,0,4],[212,17,212,23,0,0,0,0,4],[215,17,215,23,0,0,0,0,4],[218,17,218,23,0,0,0,0,4],[221,17,221,23,0,0,0,0,4],[224,17,224,23,0,0,0,0,4],[227,17,227,23,0,0,0,0,4],[230,17,230,24,0,0,0,0,4],[248,11,248,15,0,0,0,0,4],[254,17,254,23,0,0,0,0,4],[257,17,257,23,0,0,0,0,4],[260,17,260,23,0,0,0,0,4],[263,17,263,23,0,0,0,0,4],[266,17,266,23,0,0,0,0,4],[269,17,269,23,0,0,0,0,4],[272,17,272,23,0,0,0,0,4],[275,17,275,23,0,0,0,0,4],[278,17,278,23,0,0,0,0,4],[281,17,281,24,0,0,0,0,4],[284,17,284,24,0,0,0,0,4],[292,17,292,23,0,0,0,0,4],[295,17,295,24,0,0,0,0,4]],"expansions":[],"filename":"/Users/croitoruandreea/Desktop/ANUL1/sem2/OOP/LAB/Lab8/ui.cpp","segments":[[6,20,0,true,true,false],[17,1,0,false,true,false],[17,1,0,true,false,false],[18,8,0,true,true,false],[21,6,0,true,false,false],[22,33,0,true,true,false],[24,6,0,true,false,false],[25,1,0,false,true,false],[25,1,0,true,false,false],[26,2,0,false,false,false],[28,22,0,true,true,false],[40,1,0,false,true,false],[40,1,0,true,false,false],[41,8,0,true,true,false],[44,6,0,true,false,false],[45,33,0,true,true,false],[47,6,0,true,false,false],[48,1,0,false,true,false],[48,1,0,true,false,false],[49,2,0,false,false,false],[51,20,0,true,true,false],[59,1,0,false,true,false],[59,1,0,true,false,false],[60,8,0,true,true,false],[63,6,0,true,false,false],[64,33,0,true,true,false],[66,6,0,true,false,false],[67,1,0,false,true,false],[67,1,0,true,false,false],[68,2,0,false,false,false],[70,53,0,true,true,false],[72,8,0,true,true,false],[72,21,0,true,false,false],[73,9,0,true,true,false],[73,42,0,true,false,false],[74,9,0,true,true,false],[75,37,0,true,false,true],[76,13,0,true,true,false],[76,178,0,true,false,false],[79,1,0,false,true,false],[79,1,0,true,false,false],[80,2,0,false,false,false],[82,21,0,true,true,false],[90,1,0,false,true,false],[90,1,0,true,false,false],[91,8,0,true,true,false],[95,6,0,true,false,false],[96,33,0,true,true,false],[98,6,0,true,false,false],[99,1,0,false,true,false],[99,1,0,true,false,false],[100,2,0,false,false,false],[102,27,0,true,true,false],[107,2,0,false,false,false],[109,24,0,true,true,false],[114,2,0,false,false,false],[117,62,0,true,true,false],[119,2,0,false,false,false],[121,57,0,true,true,false],[123,2,0,false,false,false],[125,61,0,true,true,false],[126,9,0,true,true,false],[126,37,0,true,false,false],[126,39,0,true,true,false],[128,6,0,true,false,true],[129,10,0,true,true,false],[131,6,0,true,false,false],[132,2,0,false,false,false],[134,22,0,true,true,false],[139,9,0,true,true,false],[139,23,0,true,false,false],[139,25,0,true,true,false],[142,6,0,true,false,true],[142,12,0,true,true,false],[142,15,0,true,true,false],[142,29,0,true,false,false],[142,31,0,true,true,false],[145,6,0,true,false,true],[145,12,0,true,true,false],[145,15,0,true,true,false],[145,29,0,true,false,false],[145,31,0,true,true,false],[148,6,0,true,false,false],[149,2,0,false,false,false],[159,29,0,true,true,false],[163,9,0,true,true,false],[166,6,0,true,false,false],[166,29,0,true,true,false],[168,6,0,true,false,false],[169,2,0,false,false,false],[171,35,0,true,true,false],[177,9,0,true,true,false],[177,11,0,true,true,false],[177,20,0,true,false,false],[177,24,0,true,true,false],[177,40,0,true,false,false],[177,43,0,true,true,false],[178,13,0,true,true,false],[181,10,0,true,false,false],[181,33,0,true,true,false],[183,10,0,true,false,false],[185,10,0,true,true,false],[185,49,0,true,false,false],[186,2,0,false,false,false],[188,29,0,true,true,false],[191,2,0,false,false,false],[193,29,0,true,true,false],[198,1,0,false,true,false],[198,140,0,true,false,false],[200,2,0,false,false,false],[201,26,0,true,true,false],[202,12,0,true,true,false],[202,16,0,true,false,false],[202,18,0,true,true,false],[210,13,0,true,true,false],[211,30,0,true,false,true],[212,17,0,true,true,false],[214,26,0,true,false,true],[215,17,0,true,true,false],[217,26,0,true,false,true],[218,17,0,true,true,false],[220,26,0,true,false,true],[221,17,0,true,true,false],[223,26,0,true,false,true],[224,17,0,true,true,false],[226,26,0,true,false,true],[227,17,0,true,true,false],[229,27,0,true,false,true],[230,17,0,true,true,false],[231,50,0,true,false,false],[233,33,0,true,true,false],[235,10,0,true,false,true],[236,9,0,true,true,false],[237,6,0,true,false,false],[238,2,0,false,false,false],[240,16,0,true,true,false],[244,1,0,false,true,false],[247,55,0,true,false,false],[248,11,0,true,true,false],[248,15,0,true,false,false],[248,16,0,true,true,false],[252,12,0,true,true,false],[253,30,0,true,false,true],[254,17,0,true,true,false],[256,26,0,true,false,true],[257,17,0,true,true,false],[259,26,0,true,false,true],[260,17,0,true,true,false],[262,26,0,true,false,true],[263,17,0,true,true,false],[265,26,0,true,false,true],[266,17,0,true,true,false],[268,26,0,true,false,true],[269,17,0,true,true,false],[271,26,0,true,false,true],[272,17,0,true,true,false],[274,26,0,true,false,true],[275,17,0,true,true,false],[277,26,0,true,false,true],[278,17,0,true,true,false],[280,26,0,true,false,true],[281,17,0,true,true,false],[282,1,0,false,true,false],[282,37,0,true,false,false],[284,17,0,true,true,false],[285,25,0,true,true,false],[288,22,0,true,false,false],[288,45,0,true,true,false],[290,22,0,true,false,false],[291,21,0,true,true,false],[291,26,0,true,false,false],[292,17,0,true,true,false],[294,27,0,true,false,false],[295,17,0,true,true,false],[296,52,0,true,false,false],[299,36,0,true,true,false],[301,10,0,true,false,false],[302,1,0,false,true,false],[302,1,0,true,false,false],[304,1,0,false,true,false],[304,1,0,true,false,false],[305,2,0,false,false,false]],"summary":{"branches":{"count":56,"covered":0,"notcovered":56,"percent":0},"functions":{"count":17,"covered":0,"percent":0},"instantiations":{"count":17,"covered":0,"percent":0},"lines":{"count":259,"covered":0,"percent":0},"regions":{"count":81,"covered":0,"notcovered":81,"percent":0}}},{"branches":[],"expansions":[],"filename":"/Users/croitoruandreea/Desktop/ANUL1/sem2/OOP/LAB/Lab8/ui.h","segments":[[18,66,1,true,true,false],[19,10,0,false,false,false]],"summary":{"branches":{"count":0,"covered":0,"notcovered":0,"percent":0},"functions":{"count":1,"covered":1,"percent":100},"instantiations":{"count":1,"covered":1,"percent":100},"lines":{"count":2,"covered":2,"percent":100},"regions":{"count":1,"covered":1,"notcovered":0,"percent":100}}},{"branches":[],"expansions":[],"filename":"/Users/croitoruandreea/Desktop/ANUL1/sem2/OOP/LAB/Lab8/undo.h","segments":[[8,27,20,true,true,false],[8,29,0,false,false,false],[17,92,15,true,true,false],[18,1,0,false,true,false],[18,1,15,true,false,false],[19,6,0,false,false,false],[21,27,2,true,true,false],[23,6,0,false,false,false],[30,91,3,true,true,false],[31,1,0,false,true,false],[31,1,3,true,false,false],[32,6,0,false,false,false],[34,27,1,true,true,false],[36,6,0,false,false,false],[43,138,2,true,true,false],[44,1,0,false,true,false],[44,1,2,true,false,false],[45,6,0,false,false,false],[47,27,1,true,true,false],[50,6,0,false,false,false]],"summary":{"branches":{"count":0,"covered":0,"notcovered":0,"percent":0},"functions":{"count":7,"covered":7,"percent":100},"instantiations":{"count":7,"covered":7,"percent":100},"lines":{"count":17,"covered":17,"percent":100},"regions":{"count":7,"covered":7,"notcovered":0,"percent":100}}},{"branches":[[5,9,5,20,0,60,0,0,4],[6,21,6,35,126,60,0,0,4],[7,16,7,32,126,0,0,0,4],[7,36,7,52,126,0,0,0,4],[7,58,7,74,0,0,0,0,4],[7,78,7,94,0,0,0,0,4],[7,99,7,115,0,0,0,0,4],[15,9,15,38,0,20,0,0,4],[16,9,16,38,0,20,0,0,4],[17,9,17,38,0,20,0,0,4],[18,9,18,15,0,20,0,0,4],[19,9,19,24,0,20,0,0,4]],"expansions":[],"filename":"/Users/croitoruandreea/Desktop/ANUL1/sem2/OOP/LAB/Lab8/validator.cpp","segments":[[4,30,60,true,true,false],[5,9,60,true,true,false],[5,20,60,true,false,false],[5,21,0,true,false,true],[5,22,0,true,true,false],[5,34,60,true,false,false],[6,5,60,true,true,false],[6,21,186,true,true,false],[6,35,60,true,false,false],[6,37,126,true,true,false],[6,40,60,true,false,false],[6,41,126,true,false,true],[6,42,126,true,true,false],[7,13,126,true,true,false],[7,15,126,true,true,false],[7,16,126,true,true,false],[7,32,126,true,false,false],[7,36,126,true,true,false],[7,52,126,true,false,false],[7,57,0,true,true,false],[7,58,0,true,true,false],[7,74,0,true,false,false],[7,78,0,true,true,false],[7,94,0,true,false,false],[7,95,126,true,false,false],[7,99,0,true,true,false],[7,115,126,true,false,false],[7,117,0,true,false,true],[7,118,0,true,true,false],[7,130,126,true,false,false],[8,6,60,true,false,true],[9,5,60,true,true,false],[9,16,60,true,false,false],[10,2,0,false,false,false],[12,82,20,true,true,false],[14,1,0,false,true,false],[14,1,20,true,false,false],[15,9,20,true,true,false],[15,38,20,true,false,false],[15,39,0,true,false,true],[15,40,0,true,true,false],[15,83,20,true,false,false],[16,9,20,true,true,false],[16,38,20,true,false,false],[16,39,0,true,false,true],[16,40,0,true,true,false],[16,93,20,true,false,false],[17,9,20,true,true,false],[17,38,20,true,false,false],[17,39,0,true,false,true],[17,40,0,true,true,false],[17,78,20,true,false,false],[18,9,20,true,true,false],[18,15,20,true,false,false],[18,16,0,true,false,true],[18,17,0,true,true,false],[18,64,20,true,false,false],[19,9,20,true,true,false],[19,24,20,true,false,false],[19,25,0,true,false,true],[19,26,0,true,true,false],[19,49,20,true,false,false],[20,2,0,false,false,false]],"summary":{"branches":{"count":24,"covered":10,"notcovered":14,"percent":41.666666666666671},"functions":{"count":2,"covered":2,"percent":100},"instantiations":{"count":2,"covered":2,"percent":100},"lines":{"count":15,"covered":15,"percent":100},"regions":{"count":29,"covered":18,"notcovered":11,"percent":62.068965517241381}}}],"functions":[{"branches":[],"count":1,"filenames":["/Users/croitoruandreea/Desktop/ANUL1/sem2/OOP/LAB/Lab8/main.cpp"],"name":"main","regions":[[18,12,29,2,1,0,0,0],[21,1,21,27,0,0,0,2],[27,1,27,16,0,0,0,2]]},{"branches":[],"count":2,"filenames":["/Users/croitoruandreea/Desktop/ANUL1/sem2/OOP/LAB/Lab8/repo.h"],"name":"_ZN18DisciplinaRepoFileC2ENSt3__112basic_stringIcNS0_11char_traitsIcEENS0_9allocatorIcEEEE","regions":[[83,89,85,6,2,0,0,0]]},{"branches":[],"count":12,"filenames":["/Users/croitoruandreea/Desktop/ANUL1/sem2/OOP/LAB/Lab8/repo.h"],"name":"_ZN14DisciplinaRepoC2Ev","regions":[[55,30,55,31,12,0,0,0]]},{"branches":[],"count":12,"filenames":["/Users/croitoruandreea/Desktop/ANUL1/sem2/OOP/LAB/Lab8/repo.h"],"name":"_ZN12RepoAbstractC2Ev","regions":[[16,28,16,29,12,0,0,0]]},{"branches":[],"count":1,"filenames":["/Users/croitoruandreea/Desktop/ANUL1/sem2/OOP/LAB/Lab8/repo.h"],"name":"_ZN18DisciplinaRepoFile5storeERK10Disciplina","regions":[[87,45,90,6,1,0,0,0]]},{"branches":[],"count":1,"filenames":["/Users/croitoruandreea/Desktop/ANUL1/sem2/OOP/LAB/Lab8/repo.h"],"name":"_ZN18DisciplinaRepoFile6stergeER10Disciplina","regions":[[92,40,95,6,1,0,0,0]]},{"branches":[],"count":20,"filenames":["/Users/croitoruandreea/Desktop/ANUL1/sem2/OOP/LAB/Lab8/repo.h"],"name":"_ZN14DisciplinaRepo6getAllEv","regions":[[64,42,66,6,20,0,0,0]]},{"branches":[],"count":11,"filenames":["/Users/croitoruandreea/Desktop/ANUL1/sem2/OOP/LAB/Lab8/contract.h"],"name":"_ZN8ContractC2Ev","regions":[[16,24,16,25,11,0,0,0]]},{"branches":[],"count":11,"filenames":["/Users/croitoruandreea/Desktop/ANUL1/sem2/OOP/LAB/Lab8/service.h"],"name":"_ZN17DisciplinaServiceC2ER12RepoAbstractR9ValidatorR8Contract","regions":[[26,148,27,6,11,0,0,0]]},{"branches":[],"count":1,"filenames":["/Users/croitoruandreea/Desktop/ANUL1/sem2/OOP/LAB/Lab8/ui.h"],"name":"_ZN2UIC2ER17DisciplinaService","regions":[[18,66,19,10,1,0,0,0]]},{"branches":[],"count":243,"filenames":["/Users/croitoruandreea/Desktop/ANUL1/sem2/OOP/LAB/Lab8/disciplina.h"],"name":"_ZNK10Disciplina7getNameEv","regions":[[20,41,22,6,243,0,0,0]]},{"branches":[],"count":202,"filenames":["/Users/croitoruandreea/Desktop/ANUL1/sem2/OOP/LAB/Lab8/disciplina.h"],"name":"_ZNK10Disciplina7getTypeEv","regions":[[28,41,30,6,202,0,0,0]]},{"branches":[],"count":189,"filenames":["/Users/croitoruandreea/Desktop/ANUL1/sem2/OOP/LAB/Lab8/disciplina.h"],"name":"_ZNK10Disciplina7getProfEv","regions":[[36,41,38,6,189,0,0,0]]},{"branches":[],"count":136,"filenames":["/Users/croitoruandreea/Desktop/ANUL1/sem2/OOP/LAB/Lab8/disciplina.h"],"name":"_ZNK10Disciplina8getHoursEv","regions":[[44,39,46,6,136,0,0,0]]},{"branches":[],"count":31,"filenames":["/Users/croitoruandreea/Desktop/ANUL1/sem2/OOP/LAB/Lab8/disciplina.h"],"name":"_ZN10DisciplinaC2ENSt3__112basic_stringIcNS0_11char_traitsIcEENS0_9allocatorIcEEEEiS6_S6_","regions":[[56,142,58,6,31,0,0,0],[57,1,57,1,0,0,0,2]]},{"branches":[],"count":116,"filenames":["/Users/croitoruandreea/Desktop/ANUL1/sem2/OOP/LAB/Lab8/disciplina.h"],"name":"_ZN10DisciplinaC2ERKS_","regions":[[60,111,62,6,116,0,0,0],[61,1,61,48,0,0,0,2]]},{"branches":[],"count":35,"filenames":["/Users/croitoruandreea/Desktop/ANUL1/sem2/OOP/LAB/Lab8/erori.h"],"name":"_ZN9ExceptionC2ERKNSt3__112basic_stringIcNS0_11char_traitsIcEENS0_9allocatorIcEEEE","regions":[[11,78,11,80,35,0,0,0]]},{"branches":[],"count":3,"filenames":["/Users/croitoruandreea/Desktop/ANUL1/sem2/OOP/LAB/Lab8/erori.h"],"name":"_ZN9Exception10getMessageEv","regions":[[14,24,16,6,3,0,0,0]]},{"branches":[],"count":20,"filenames":["/Users/croitoruandreea/Desktop/ANUL1/sem2/OOP/LAB/Lab8/undo.h"],"name":"_ZN11ActiuneUndoD2Ev","regions":[[8,27,8,29,20,0,0,0]]},{"branches":[],"count":15,"filenames":["/Users/croitoruandreea/Desktop/ANUL1/sem2/OOP/LAB/Lab8/undo.h"],"name":"_ZN10UndoAdaugaC2ERK10DisciplinaR12RepoAbstract","regions":[[17,92,19,6,15,0,0,0],[18,1,18,1,0,0,0,2]]},{"branches":[],"count":2,"filenames":["/Users/croitoruandreea/Desktop/ANUL1/sem2/OOP/LAB/Lab8/undo.h"],"name":"_ZN10UndoAdauga6doUndoEv","regions":[[21,27,23,6,2,0,0,0]]},{"branches":[],"count":3,"filenames":["/Users/croitoruandreea/Desktop/ANUL1/sem2/OOP/LAB/Lab8/undo.h"],"name":"_ZN10UndoStergeC2ERK10DisciplinaR12RepoAbstract","regions":[[30,91,32,6,3,0,0,0],[31,1,31,1,0,0,0,2]]},{"branches":[],"count":1,"filenames":["/Users/croitoruandreea/Desktop/ANUL1/sem2/OOP/LAB/Lab8/undo.h"],"name":"_ZN10UndoSterge6doUndoEv","regions":[[34,27,36,6,1,0,0,0]]},{"branches":[],"count":2,"filenames":["/Users/croitoruandreea/Desktop/ANUL1/sem2/OOP/LAB/Lab8/undo.h"],"name":"_ZN12UndoModificaC2ERK10DisciplinaS2_R12RepoAbstract","regions":[[43,138,45,6,2,0,0,0],[44,1,44,1,0,0,0,2]]},{"branches":[],"count":1,"filenames":["/Users/croitoruandreea/Desktop/ANUL1/sem2/OOP/LAB/Lab8/undo.h"],"name":"_ZN12UndoModifica6doUndoEv","regions":[[47,27,50,6,1,0,0,0]]},{"branches":[],"count":13,"filenames":["/Users/croitoruandreea/Desktop/ANUL1/sem2/OOP/LAB/Lab8/service.h"],"name":"_ZN17DisciplinaService6getAllEv","regions":[[40,42,42,6,13,0,0,0]]},{"branches":[],"count":0,"filenames":["/Users/croitoruandreea/Desktop/ANUL1/sem2/OOP/LAB/Lab8/ui.cpp"],"name":"_ZN2UI8adaugaUIEv","regions":[[6,20,26,2,0,0,0,0],[17,1,17,1,0,0,0,2],[18,8,21,6,0,0,0,0],[22,33,24,6,0,0,0,0],[25,1,25,1,0,0,0,2]]},{"branches":[],"count":0,"filenames":["/Users/croitoruandreea/Desktop/ANUL1/sem2/OOP/LAB/Lab8/ui.cpp"],"name":"_ZN2UI10modificaUIEv","regions":[[28,22,49,2,0,0,0,0],[40,1,40,1,0,0,0,2],[41,8,44,6,0,0,0,0],[45,33,47,6,0,0,0,0],[48,1,48,1,0,0,0,2]]},{"branches":[],"count":0,"filenames":["/Users/croitoruandreea/Desktop/ANUL1/sem2/OOP/LAB/Lab8/ui.cpp"],"name":"_ZN2UI8stergeUIEv","regions":[[51,20,68,2,0,0,0,0],[59,1,59,1,0,0,0,2],[60,8,63,6,0,0,0,0],[64,33,66,6,0,0,0,0],[67,1,67,1,0,0,0,2]]},{"branches":[[72,8,72,21,0,0,0,0,4],[75,29,75,30,0,0,0,0,4]],"count":0,"filenames":["/Users/croitoruandreea/Desktop/ANUL1/sem2/OOP/LAB/Lab8/ui.cpp"],"name":"_ZN2UI10afiseazaUIERKNSt3__16vectorI10DisciplinaNS0_9allocatorIS2_EEEE","regions":[[70,53,80,2,0,0,0,0],[72,8,72,21,0,0,0,0],[72,22,73,9,0,0,0,3],[73,9,73,42,0,0,0,0],[73,43,74,9,0,0,0,3],[74,9,78,6,0,0,0,0],[75,37,76,13,0,0,0,3],[76,13,76,178,0,0,0,0],[79,1,79,1,0,0,0,2]]},{"branches":[],"count":0,"filenames":["/Users/croitoruandreea/Desktop/ANUL1/sem2/OOP/LAB/Lab8/ui.cpp"],"name":"_ZN2UI9cautareUIEv","regions":[[82,21,100,2,0,0,0,0],[90,1,90,1,0,0,0,2],[91,8,95,6,0,0,0,0],[96,33,98,6,0,0,0,0],[99,1,99,1,0,0,0,2]]},{"branches":[],"count":0,"filenames":["/Users/croitoruandreea/Desktop/ANUL1/sem2/OOP/LAB/Lab8/ui.cpp"],"name":"_ZN2UI14filtrareProfUIEv","regions":[[102,27,107,2,0,0,0,0]]},{"branches":[],"count":0,"filenames":["/Users/croitoruandreea/Desktop/ANUL1/sem2/OOP/LAB/Lab8/ui.cpp"],"name":"_ZN2UI11filtrareHUIEv","regions":[[109,24,114,2,0,0,0,0]]},{"branches":[],"count":0,"filenames":["/Users/croitoruandreea/Desktop/ANUL1/sem2/OOP/LAB/Lab8/ui.cpp"],"name":"_Z12sortDenumireRK10DisciplinaS1_","regions":[[117,62,119,2,0,0,0,0]]},{"branches":[],"count":0,"filenames":["/Users/croitoruandreea/Desktop/ANUL1/sem2/OOP/LAB/Lab8/ui.cpp"],"name":"_Z7sortOreRK10DisciplinaS1_","regions":[[121,57,123,2,0,0,0,0]]},{"branches":[[126,9,126,37,0,0,0,0,4]],"count":0,"filenames":["/Users/croitoruandreea/Desktop/ANUL1/sem2/OOP/LAB/Lab8/ui.cpp"],"name":"_Z11sortTipProfRK10DisciplinaS1_","regions":[[125,61,132,2,0,0,0,0],[126,9,126,37,0,0,0,0],[126,38,126,39,0,0,0,3],[126,39,128,6,0,0,0,0],[128,6,129,10,0,0,0,3],[129,10,131,6,0,0,0,0]]},{"branches":[[139,9,139,23,0,0,0,0,4],[142,15,142,29,0,0,0,0,4],[145,15,145,29,0,0,0,0,4]],"count":0,"filenames":["/Users/croitoruandreea/Desktop/ANUL1/sem2/OOP/LAB/Lab8/ui.cpp"],"name":"_ZN2UI9sortareUIEv","regions":[[134,22,149,2,0,0,0,0],[139,9,139,23,0,0,0,0],[139,24,139,25,0,0,0,3],[139,25,142,6,0,0,0,0],[142,6,142,12,0,0,0,3],[142,12,148,6,0,0,0,0],[142,15,142,29,0,0,0,0],[142,30,142,31,0,0,0,3],[142,31,145,6,0,0,0,0],[145,6,145,12,0,0,0,3],[145,12,148,6,0,0,0,0],[145,15,145,29,0,0,0,0],[145,30,145,31,0,0,0,3],[145,31,148,6,0,0,0,0]]},{"branches":[],"count":0,"filenames":["/Users/croitoruandreea/Desktop/ANUL1/sem2/OOP/LAB/Lab8/ui.cpp"],"name":"_ZN2UI16contractAdaugaUIEv","regions":[[159,29,169,2,0,0,0,0],[163,9,166,6,0,0,0,0],[166,29,168,6,0,0,0,0]]},{"branches":[[177,11,177,20,0,0,0,0,4],[177,24,177,40,0,0,0,0,4]],"count":0,"filenames":["/Users/croitoruandreea/Desktop/ANUL1/sem2/OOP/LAB/Lab8/ui.cpp"],"name":"_ZN2UI22contractAdaugaRandomUIEv","regions":[[171,35,186,2,0,0,0,0],[177,9,177,41,0,0,0,0],[177,11,177,20,0,0,0,0],[177,24,177,40,0,0,0,0],[177,42,177,43,0,0,0,3],[177,43,184,6,0,0,0,0],[178,13,181,10,0,0,0,0],[181,33,183,10,0,0,0,0],[184,6,185,10,0,0,0,3],[185,10,185,49,0,0,0,0]]},{"branches":[],"count":0,"filenames":["/Users/croitoruandreea/Desktop/ANUL1/sem2/OOP/LAB/Lab8/ui.cpp"],"name":"_ZN2UI16contractStergeUIEv","regions":[[188,29,191,2,0,0,0,0]]},{"branches":[],"count":0,"filenames":["/Users/croitoruandreea/Desktop/ANUL1/sem2/OOP/LAB/Lab8/ui.cpp"],"name":"_ZN2UI16contractExportUIEv","regions":[[193,29,200,2,0,0,0,0],[198,1,198,140,0,0,0,2]]},{"branches":[[212,17,212,23,0,0,0,0,4],[215,17,215,23,0,0,0,0,4],[218,17,218,23,0,0,0,0,4],[221,17,221,23,0,0,0,0,4],[224,17,224,23,0,0,0,0,4],[227,17,227,23,0,0,0,0,4],[230,17,230,24,0,0,0,0,4]],"count":0,"filenames":["/Users/croitoruandreea/Desktop/ANUL1/sem2/OOP/LAB/Lab8/ui.cpp"],"name":"_ZN2UI13MeniuContractEv","regions":[[201,26,238,2,0,0,0,0],[202,12,202,16,0,0,0,0],[202,17,202,18,0,0,0,3],[202,18,237,6,0,0,0,0],[210,13,233,10,0,0,0,0],[211,30,231,50,0,0,0,3],[212,17,214,26,0,0,0,0],[214,27,215,17,0,0,0,3],[215,17,217,26,0,0,0,0],[217,27,218,17,0,0,0,3],[218,17,220,26,0,0,0,0],[220,27,221,17,0,0,0,3],[221,17,223,26,0,0,0,0],[223,27,224,17,0,0,0,3],[224,17,226,26,0,0,0,0],[226,27,227,17,0,0,0,3],[227,17,229,27,0,0,0,0],[229,28,230,17,0,0,0,3],[230,17,231,50,0,0,0,0],[233,33,235,10,0,0,0,0],[235,10,236,9,0,0,0,3],[236,9,237,6,0,0,0,0]]},{"branches":[[254,17,254,23,0,0,0,0,4],[257,17,257,23,0,0,0,0,4],[260,17,260,23,0,0,0,0,4],[263,17,263,23,0,0,0,0,4],[266,17,266,23,0,0,0,0,4],[269,17,269,23,0,0,0,0,4],[272,17,272,23,0,0,0,0,4],[275,17,275,23,0,0,0,0,4],[278,17,278,23,0,0,0,0,4],[281,17,281,24,0,0,0,0,4],[284,17,284,24,0,0,0,0,4],[292,17,292,23,0,0,0,0,4],[295,17,295,24,0,0,0,0,4]],"count":0,"filenames":["/Users/croitoruandreea/Desktop/ANUL1/sem2/OOP/LAB/Lab8/ui.cpp"],"name":"_ZN2UI3runEv","regions":[[240,16,305,2,0,0,0,0],[244,1,247,55,0,0,0,2],[248,11,248,15,0,0,0,0],[248,16,303,6,0,0,0,0],[252,12,298,10,0,0,0,0],[253,30,296,52,0,0,0,3],[254,17,256,26,0,0,0,0],[256,27,257,17,0,0,0,3],[257,17,259,26,0,0,0,0],[259,27,260,17,0,0,0,3],[260,17,262,26,0,0,0,0],[262,27,263,17,0,0,0,3],[263,17,265,26,0,0,0,0],[265,27,266,17,0,0,0,3],[266,17,268,26,0,0,0,0],[268,27,269,17,0,0,0,3],[269,17,271,26,0,0,0,0],[271,27,272,17,0,0,0,3],[272,17,274,26,0,0,0,0],[274,27,275,17,0,0,0,3],[275,17,277,26,0,0,0,0],[277,27,278,17,0,0,0,3],[278,17,280,26,0,0,0,0],[280,27,281,17,0,0,0,3],[281,17,283,26,0,0,0,0],[282,1,282,37,0,0,0,2],[283,27,284,17,0,0,0,3],[284,17,296,52,0,0,0,0],[285,25,288,22,0,0,0,0],[288,45,290,22,0,0,0,0],[291,21,291,26,0,0,0,0],[291,27,292,17,0,0,0,3],[292,17,294,27,0,0,0,0],[294,28,295,17,0,0,0,3],[295,17,296,52,0,0,0,0],[299,36,301,10,0,0,0,0],[302,1,302,1,0,0,0,2],[304,1,304,1,0,0,0,2]]},{"branches":[],"count":15,"filenames":["/Users/croitoruandreea/Desktop/ANUL1/sem2/OOP/LAB/Lab8/service.cpp"],"name":"_ZN17DisciplinaService13addDisciplinaERKNSt3__112basic_stringIcNS0_11char_traitsIcEENS0_9allocatorIcEEEEiS8_S8_","regions":[[8,106,13,2,15,0,0,0]]},{"branches":[],"count":2,"filenames":["/Users/croitoruandreea/Desktop/ANUL1/sem2/OOP/LAB/Lab8/service.cpp"],"name":"_ZN17DisciplinaService16modifyDisciplinaERKNSt3__112basic_stringIcNS0_11char_traitsIcEENS0_9allocatorIcEEEEiS8_S8_","regions":[[15,109,23,2,2,0,0,0],[22,1,22,1,0,0,0,2]]},{"branches":[],"count":3,"filenames":["/Users/croitoruandreea/Desktop/ANUL1/sem2/OOP/LAB/Lab8/service.cpp"],"name":"_ZN17DisciplinaService16deleteDisciplinaERKNSt3__112basic_stringIcNS0_11char_traitsIcEENS0_9allocatorIcEEEES8_S8_","regions":[[25,102,30,2,3,0,0,0]]},{"branches":[],"count":1,"filenames":["/Users/croitoruandreea/Desktop/ANUL1/sem2/OOP/LAB/Lab8/service.cpp"],"name":"_ZN17DisciplinaService16searchDisciplinaERKNSt3__112basic_stringIcNS0_11char_traitsIcEENS0_9allocatorIcEEEES8_S8_","regions":[[32,115,34,2,1,0,0,0]]},{"branches":[],"count":2,"filenames":["/Users/croitoruandreea/Desktop/ANUL1/sem2/OOP/LAB/Lab8/service.cpp"],"name":"_ZN17DisciplinaService8filtrareERKNSt3__18functionIFbRK10DisciplinaEEE","regions":[[36,95,41,2,2,0,0,0]]},{"branches":[],"count":1,"filenames":["/Users/croitoruandreea/Desktop/ANUL1/sem2/OOP/LAB/Lab8/service.cpp"],"name":"_ZN17DisciplinaService12filtrareProfERKNSt3__112basic_stringIcNS0_11char_traitsIcEENS0_9allocatorIcEEEE","regions":[[44,77,48,2,1,0,0,0]]},{"branches":[],"count":1,"filenames":["/Users/croitoruandreea/Desktop/ANUL1/sem2/OOP/LAB/Lab8/service.cpp"],"name":"_ZN17DisciplinaService9filtrareHEi","regions":[[50,56,54,2,1,0,0,0]]},{"branches":[],"count":3,"filenames":["/Users/croitoruandreea/Desktop/ANUL1/sem2/OOP/LAB/Lab8/service.cpp"],"name":"_ZN17DisciplinaService17sortareDisciplineEPFiRK10DisciplinaS2_E","regions":[[56,78,60,2,3,0,0,0]]},{"branches":[[64,23,64,24,2,2,0,0,4]],"count":2,"filenames":["/Users/croitoruandreea/Desktop/ANUL1/sem2/OOP/LAB/Lab8/service.cpp"],"name":"_ZN17DisciplinaService14contractAdaugaERKNSt3__112basic_stringIcNS0_11char_traitsIcEENS0_9allocatorIcEEEE","regions":[[62,64,66,2,2,0,0,0],[64,29,65,9,2,0,0,3],[65,9,65,49,2,0,0,0]]},{"branches":[],"count":1,"filenames":["/Users/croitoruandreea/Desktop/ANUL1/sem2/OOP/LAB/Lab8/service.cpp"],"name":"_ZN17DisciplinaService20contractAdaugaRandomEi","regions":[[68,53,71,2,1,0,0,0]]},{"branches":[],"count":5,"filenames":["/Users/croitoruandreea/Desktop/ANUL1/sem2/OOP/LAB/Lab8/service.cpp"],"name":"_ZN17DisciplinaService14getAllContractEv","regions":[[73,63,75,2,5,0,0,0]]},{"branches":[],"count":1,"filenames":["/Users/croitoruandreea/Desktop/ANUL1/sem2/OOP/LAB/Lab8/service.cpp"],"name":"_ZN17DisciplinaService14contractStergeEv","regions":[[77,42,79,2,1,0,0,0]]},{"branches":[[92,9,92,51,2,1,0,0,4],[92,55,92,98,1,1,0,0,4],[97,13,97,56,1,1,0,0,4],[103,25,103,26,3,1,0,0,4],[110,25,110,26,3,1,0,0,4]],"count":3,"filenames":["/Users/croitoruandreea/Desktop/ANUL1/sem2/OOP/LAB/Lab8/service.cpp"],"name":"_ZN17DisciplinaService14contractExportERKNSt3__112basic_stringIcNS0_11char_traitsIcEENS0_9allocatorIcEEEE","regions":[[90,64,116,2,3,0,0,0],[91,1,91,1,0,0,0,2],[92,9,92,51,3,0,0,0],[92,9,92,98,3,0,0,0],[92,55,92,98,2,0,0,0],[92,99,92,100,1,0,0,3],[92,100,94,6,1,0,0,0],[94,6,95,10,2,0,0,3],[95,10,115,6,2,0,0,0],[97,13,97,56,2,0,0,0],[97,57,97,58,1,0,0,3],[97,58,108,10,1,0,0,0],[103,44,103,45,3,0,0,3],[103,45,105,14,3,0,0,0],[108,10,109,14,1,0,0,3],[109,14,113,10,1,0,0,0],[110,44,110,45,3,0,0,3],[110,45,112,14,3,0,0,0]]},{"branches":[[119,9,119,28,1,4,0,0,4]],"count":5,"filenames":["/Users/croitoruandreea/Desktop/ANUL1/sem2/OOP/LAB/Lab8/service.cpp"],"name":"_ZN17DisciplinaService4undoEv","regions":[[118,32,123,2,5,0,0,0],[119,9,119,28,5,0,0,0],[119,29,120,9,1,0,0,3],[120,9,120,59,1,0,0,0],[120,60,121,5,4,0,0,3],[121,5,123,2,4,0,0,0]]},{"branches":[],"count":3,"filenames":["/Users/croitoruandreea/Desktop/ANUL1/sem2/OOP/LAB/Lab8/service.cpp"],"name":"service.cpp:_ZZN17DisciplinaService12filtrareProfERKNSt3__112basic_stringIcNS0_11char_traitsIcEENS0_9allocatorIcEEEEENK3$_0clERK10Disciplina","regions":[[45,49,47,6,3,0,0,0]]},{"branches":[],"count":3,"filenames":["/Users/croitoruandreea/Desktop/ANUL1/sem2/OOP/LAB/Lab8/service.cpp"],"name":"service.cpp:_ZZN17DisciplinaService9filtrareHEiENK3$_1clERK10Disciplina","regions":[[51,46,53,6,3,0,0,0]]},{"branches":[],"count":29,"filenames":["/Users/croitoruandreea/Desktop/ANUL1/sem2/OOP/LAB/Lab8/repo.cpp"],"name":"_ZN14DisciplinaRepo5existERK10Disciplina","regions":[[13,49,21,2,29,0,0,0],[14,9,17,6,29,0,0,0],[18,24,20,6,28,0,0,0]]},{"branches":[[28,8,28,16,1,28,0,0,4]],"count":29,"filenames":["/Users/croitoruandreea/Desktop/ANUL1/sem2/OOP/LAB/Lab8/repo.cpp"],"name":"_ZN14DisciplinaRepo5storeERK10Disciplina","regions":[[27,48,33,2,29,0,0,0],[28,8,28,16,29,0,0,0],[28,17,30,6,1,0,0,0],[30,6,31,5,28,0,0,3],[31,5,33,2,28,0,0,0],[32,1,32,1,0,0,0,2]]},{"branches":[],"count":13,"filenames":["/Users/croitoruandreea/Desktop/ANUL1/sem2/OOP/LAB/Lab8/repo.cpp"],"name":"_ZN14DisciplinaRepo6stergeER10Disciplina","regions":[[39,43,44,2,13,0,0,0],[43,1,43,1,0,0,0,2]]},{"branches":[[58,9,58,25,9,30,0,0,4]],"count":39,"filenames":["/Users/croitoruandreea/Desktop/ANUL1/sem2/OOP/LAB/Lab8/repo.cpp"],"name":"_ZN14DisciplinaRepo6searchERKNSt3__112basic_stringIcNS0_11char_traitsIcEENS0_9allocatorIcEEEES8_S8_","regions":[[54,103,62,2,39,0,0,0],[58,9,58,25,39,0,0,0],[58,26,59,9,9,0,0,3],[59,9,59,18,9,0,0,0],[59,19,61,9,30,0,0,3],[61,9,61,59,30,0,0,0]]},{"branches":[[75,8,75,19,2,2,0,0,4]],"count":4,"filenames":["/Users/croitoruandreea/Desktop/ANUL1/sem2/OOP/LAB/Lab8/repo.cpp"],"name":"_ZN14DisciplinaRepo12searchbyNameERKNSt3__112basic_stringIcNS0_11char_traitsIcEENS0_9allocatorIcEEEE","regions":[[69,68,79,2,4,0,0,0],[74,1,74,1,0,0,0,2],[75,8,75,19,4,0,0,0],[75,20,76,9,2,0,0,3],[76,9,76,59,2,0,0,0],[76,60,78,5,2,0,0,3],[77,1,77,1,0,0,0,2],[78,5,78,15,2,0,0,0]]},{"branches":[[84,9,84,22,0,2,0,0,4],[85,12,85,21,6,0,0,0,4],[88,13,88,21,0,6,0,0,4],[90,13,90,21,2,4,0,0,4],[92,13,92,21,0,4,0,0,4],[94,13,94,21,0,4,0,0,4]],"count":2,"filenames":["/Users/croitoruandreea/Desktop/ANUL1/sem2/OOP/LAB/Lab8/repo.cpp"],"name":"_ZN18DisciplinaRepoFile12loadFromFileEv","regions":[[82,41,100,2,2,0,0,0],[84,9,84,22,2,0,0,0],[84,23,84,24,0,0,0,3],[84,24,84,78,0,0,0,0],[84,79,85,5,2,0,0,3],[85,5,100,2,2,0,0,0],[85,12,85,21,6,0,0,0],[85,22,85,23,6,0,0,3],[85,23,98,6,6,0,0,0],[88,13,88,21,6,0,0,0],[88,22,88,23,0,0,0,3],[88,23,88,28,0,0,0,0],[88,29,89,9,6,0,0,3],[89,9,98,6,6,0,0,0],[90,13,90,21,6,0,0,0],[90,22,90,23,2,0,0,3],[90,23,90,28,2,0,0,0],[90,29,91,9,4,0,0,3],[91,9,98,6,4,0,0,0],[92,13,92,21,4,0,0,0],[92,22,92,23,0,0,0,3],[92,23,92,28,0,0,0,0],[92,29,93,9,4,0,0,3],[93,9,98,6,4,0,0,0],[94,13,94,21,4,0,0,0],[94,22,94,23,0,0,0,3],[94,23,94,28,0,0,0,0],[94,29,95,9,4,0,0,3],[95,9,98,6,4,0,0,0]]},{"branches":[[104,9,104,23,0,2,0,0,4],[105,17,105,18,1,2,0,0,4]],"count":2,"filenames":["/Users/croitoruandreea/Desktop/ANUL1/sem2/OOP/LAB/Lab8/repo.cpp"],"name":"_ZN18DisciplinaRepoFile11writeToFileEv","regions":[[102,40,110,2,2,0,0,0],[104,9,104,23,2,0,0,0],[104,24,104,25,0,0,0,3],[104,25,104,79,0,0,0,0],[104,80,105,5,2,0,0,3],[105,5,110,2,2,0,0,0],[105,44,105,45,1,0,0,3],[105,45,108,6,1,0,0,0]]},{"branches":[[41,17,41,46,13,3,0,0,4],[41,50,41,79,9,4,0,0,4],[41,83,41,112,9,0,0,0,4]],"count":16,"filenames":["/Users/croitoruandreea/Desktop/ANUL1/sem2/OOP/LAB/Lab8/repo.cpp"],"name":"repo.cpp:_ZZN14DisciplinaRepo6stergeER10DisciplinaENK3$_0clERKS0_","regions":[[40,88,42,6,16,0,0,0],[41,17,41,46,16,0,0,0],[41,17,41,79,16,0,0,0],[41,50,41,79,13,0,0,0],[41,83,41,112,9,0,0,0]]},{"branches":[[56,17,56,36,20,19,0,0,4],[56,40,56,59,9,11,0,0,4],[56,63,56,82,9,0,0,0,4]],"count":39,"filenames":["/Users/croitoruandreea/Desktop/ANUL1/sem2/OOP/LAB/Lab8/repo.cpp"],"name":"repo.cpp:_ZZN14DisciplinaRepo6searchERKNSt3__112basic_stringIcNS0_11char_traitsIcEENS0_9allocatorIcEEEES8_S8_ENK3$_1clERK10Disciplina","regions":[[55,80,57,6,39,0,0,0],[56,17,56,36,39,0,0,0],[56,17,56,59,39,0,0,0],[56,40,56,59,20,0,0,0],[56,63,56,82,9,0,0,0]]},{"branches":[],"count":12,"filenames":["/Users/croitoruandreea/Desktop/ANUL1/sem2/OOP/LAB/Lab8/repo.cpp"],"name":"repo.cpp:_ZZN14DisciplinaRepo12searchbyNameERKNSt3__112basic_stringIcNS0_11char_traitsIcEENS0_9allocatorIcEEEEENK3$_2clERK10Disciplina","regions":[[71,96,73,6,12,0,0,0]]},{"branches":[],"count":1,"filenames":["/Users/croitoruandreea/Desktop/ANUL1/sem2/OOP/LAB/Lab8/teste.cpp"],"name":"_Z9test_repov","regions":[[9,17,56,2,1,0,0,0],[12,36,13,5,0,0,0,3],[14,36,16,5,0,0,0,3],[15,1,15,1,0,0,0,2],[16,8,19,6,1,0,0,0],[20,26,23,6,1,0,0,0],[21,99,22,9,0,0,0,3],[23,6,25,5,0,0,0,3],[24,1,24,1,0,0,0,2],[25,5,56,2,1,0,0,0],[26,34,27,5,0,0,0,3],[27,36,28,5,0,0,0,3],[28,34,29,5,0,0,0,3],[29,30,32,5,0,0,0,3],[30,1,31,1,0,0,0,2],[32,8,35,6,1,0,0,0],[36,27,39,6,1,0,0,0],[37,90,38,9,0,0,0,3],[39,6,40,5,0,0,0,3],[40,5,56,2,1,0,0,0],[41,26,43,5,0,0,0,3],[42,1,42,1,0,0,0,2],[43,8,46,6,1,0,0,0],[47,26,50,6,1,0,0,0],[48,90,49,9,0,0,0,3],[50,6,52,5,0,0,0,3],[51,1,51,1,0,0,0,2],[52,5,56,2,1,0,0,0]]},{"branches":[],"count":1,"filenames":["/Users/croitoruandreea/Desktop/ANUL1/sem2/OOP/LAB/Lab8/teste.cpp"],"name":"_Z8test_addv","regions":[[59,16,66,2,1,0,0,0]]},{"branches":[],"count":1,"filenames":["/Users/croitoruandreea/Desktop/ANUL1/sem2/OOP/LAB/Lab8/teste.cpp"],"name":"_Z11test_modifyv","regions":[[68,19,76,2,1,0,0,0]]},{"branches":[],"count":1,"filenames":["/Users/croitoruandreea/Desktop/ANUL1/sem2/OOP/LAB/Lab8/teste.cpp"],"name":"_Z11test_deletev","regions":[[78,19,88,2,1,0,0,0],[87,1,87,1,0,0,0,2]]},{"branches":[],"count":1,"filenames":["/Users/croitoruandreea/Desktop/ANUL1/sem2/OOP/LAB/Lab8/teste.cpp"],"name":"_Z11test_searchv","regions":[[90,19,98,2,1,0,0,0]]},{"branches":[],"count":1,"filenames":["/Users/croitoruandreea/Desktop/ANUL1/sem2/OOP/LAB/Lab8/teste.cpp"],"name":"_Z17test_filtrareProfv","regions":[[100,26,113,2,1,0,0,0],[106,36,107,5,0,0,0,3],[110,37,111,5,0,0,0,3],[112,1,112,1,0,0,0,2]]},{"branches":[],"count":1,"filenames":["/Users/croitoruandreea/Desktop/ANUL1/sem2/OOP/LAB/Lab8/teste.cpp"],"name":"_Z14test_filtrareHv","regions":[[115,23,128,2,1,0,0,0],[121,36,122,5,0,0,0,3],[125,37,126,5,0,0,0,3],[127,1,127,1,0,0,0,2]]},{"branches":[],"count":2,"filenames":["/Users/croitoruandreea/Desktop/ANUL1/sem2/OOP/LAB/Lab8/teste.cpp"],"name":"_Z14sortbyDenumireRK10DisciplinaS1_","regions":[[131,64,133,2,2,0,0,0]]},{"branches":[],"count":3,"filenames":["/Users/croitoruandreea/Desktop/ANUL1/sem2/OOP/LAB/Lab8/teste.cpp"],"name":"_Z9sortbyOreRK10DisciplinaS1_","regions":[[135,59,137,2,3,0,0,0]]},{"branches":[[140,9,140,37,1,1,0,0,4]],"count":2,"filenames":["/Users/croitoruandreea/Desktop/ANUL1/sem2/OOP/LAB/Lab8/teste.cpp"],"name":"_Z13sortbyTipProfRK10DisciplinaS1_","regions":[[139,63,146,2,2,0,0,0],[140,9,140,37,2,0,0,0],[140,38,140,39,1,0,0,3],[140,39,142,6,1,0,0,0],[142,6,143,10,1,0,0,3],[143,10,145,6,1,0,0,0]]},{"branches":[],"count":1,"filenames":["/Users/croitoruandreea/Desktop/ANUL1/sem2/OOP/LAB/Lab8/teste.cpp"],"name":"_Z12test_sortarev","regions":[[148,20,171,2,1,0,0,0],[149,1,149,1,0,0,0,2],[157,1,157,1,0,0,0,2],[161,1,161,1,0,0,0,2],[162,33,163,9,0,0,0,3],[163,41,165,9,0,0,0,3],[164,1,164,1,0,0,0,2],[165,34,166,9,0,0,0,3],[166,42,168,9,0,0,0,3],[167,1,167,1,0,0,0,2],[168,34,169,9,0,0,0,3],[170,1,170,1,0,0,0,2]]},{"branches":[],"count":1,"filenames":["/Users/croitoruandreea/Desktop/ANUL1/sem2/OOP/LAB/Lab8/teste.cpp"],"name":"_Z13test_contractv","regions":[[173,21,206,2,1,0,0,0],[183,47,184,5,0,0,0,3],[184,8,186,6,1,0,0,0],[187,26,189,6,1,0,0,0],[189,6,190,5,0,0,0,3],[190,11,206,2,1,0,0,0],[190,47,191,5,0,0,0,3],[193,47,195,5,0,0,0,3],[194,1,194,1,0,0,0,2],[200,9,202,6,1,0,0,0],[202,36,205,6,1,0,0,0],[203,1,203,71,0,0,0,2]]},{"branches":[],"count":1,"filenames":["/Users/croitoruandreea/Desktop/ANUL1/sem2/OOP/LAB/Lab8/teste.cpp"],"name":"_Z9test_undov","regions":[[208,18,234,2,1,0,0,0],[213,9,215,6,1,0,0,0],[215,29,217,6,1,0,0,0],[217,6,218,5,0,0,0,3],[218,5,234,2,1,0,0,0],[223,41,224,5,0,0,0,3],[227,9,229,6,1,0,0,0],[229,29,231,6,1,0,0,0],[231,6,232,5,0,0,0,3],[232,5,234,2,1,0,0,0]]},{"branches":[],"count":1,"filenames":["/Users/croitoruandreea/Desktop/ANUL1/sem2/OOP/LAB/Lab8/teste.cpp"],"name":"_Z11test_fisierv","regions":[[236,20,245,2,1,0,0,0],[241,41,242,5,0,0,0,3],[243,41,244,5,0,0,0,3]]},{"branches":[],"count":1,"filenames":["/Users/croitoruandreea/Desktop/ANUL1/sem2/OOP/LAB/Lab8/teste.cpp"],"name":"_Z7testallv","regions":[[247,15,260,2,1,0,0,0],[259,1,259,1,0,0,0,2]]},{"branches":[[5,9,5,20,0,60,0,0,4],[6,21,6,35,126,60,0,0,4],[7,16,7,32,126,0,0,0,4],[7,36,7,52,126,0,0,0,4],[7,58,7,74,0,0,0,0,4],[7,78,7,94,0,0,0,0,4],[7,99,7,115,0,0,0,0,4]],"count":60,"filenames":["/Users/croitoruandreea/Desktop/ANUL1/sem2/OOP/LAB/Lab8/validator.cpp"],"name":"_Z11validStringNSt3__112basic_stringIcNS_11char_traitsIcEENS_9allocatorIcEEEE","regions":[[4,30,10,2,60,0,0,0],[5,9,5,20,60,0,0,0],[5,21,5,22,0,0,0,3],[5,22,5,34,0,0,0,0],[5,35,6,5,60,0,0,3],[6,5,10,2,60,0,0,0],[6,21,6,35,186,0,0,0],[6,37,6,40,126,0,0,0],[6,41,6,42,126,0,0,3],[6,42,8,6,126,0,0,0],[7,13,7,116,126,0,0,0],[7,15,7,53,126,0,0,0],[7,15,7,95,126,0,0,0],[7,16,7,32,126,0,0,0],[7,36,7,52,126,0,0,0],[7,57,7,95,0,0,0,0],[7,58,7,74,0,0,0,0],[7,78,7,94,0,0,0,0],[7,99,7,115,0,0,0,0],[7,117,7,118,0,0,0,3],[7,118,7,130,0,0,0,0],[8,6,9,5,60,0,0,3],[9,5,9,16,60,0,0,0]]},{"branches":[[15,9,15,38,0,20,0,0,4],[16,9,16,38,0,20,0,0,4],[17,9,17,38,0,20,0,0,4],[18,9,18,15,0,20,0,0,4],[19,9,19,24,0,20,0,0,4]],"count":20,"filenames":["/Users/croitoruandreea/Desktop/ANUL1/sem2/OOP/LAB/Lab8/validator.cpp"],"name":"_ZN9Validator18validateDisciplinaENSt3__112basic_stringIcNS0_11char_traitsIcEENS0_9allocatorIcEEEEiS6_S6_","regions":[[12,82,20,2,20,0,0,0],[14,1,14,1,0,0,0,2],[15,9,15,38,20,0,0,0],[15,39,15,40,0,0,0,3],[15,40,15,83,0,0,0,0],[16,9,16,38,20,0,0,0],[16,39,16,40,0,0,0,3],[16,40,16,93,0,0,0,0],[17,9,17,38,20,0,0,0],[17,39,17,40,0,0,0,3],[17,40,17,78,0,0,0,0],[18,9,18,15,20,0,0,0],[18,16,18,17,0,0,0,3],[18,17,18,64,0,0,0,0],[19,9,19,24,20,0,0,0],[19,25,19,26,0,0,0,3],[19,26,19,49,0,0,0,0]]},{"branches":[],"count":2,"filenames":["/Users/croitoruandreea/Desktop/ANUL1/sem2/OOP/LAB/Lab8/contract.cpp"],"name":"_ZN8Contract24adaugaDisciplinaContractERK10Disciplina","regions":[[7,62,9,2,2,0,0,0]]},{"branches":[[13,12,13,36,3,1,0,0,4],[13,40,13,55,3,0,0,0,4]],"count":1,"filenames":["/Users/croitoruandreea/Desktop/ANUL1/sem2/OOP/LAB/Lab8/contract.cpp"],"name":"_ZN8Contract22adaugaDisciplinaRandomENSt3__16vectorI10DisciplinaNS0_9allocatorIS2_EEEEi","regions":[[11,77,17,2,1,0,0,0],[13,12,13,36,4,0,0,0],[13,12,13,55,4,0,0,0],[13,40,13,55,3,0,0,0],[13,56,13,57,3,0,0,3],[13,57,16,6,3,0,0,0]]},{"branches":[],"count":6,"filenames":["/Users/croitoruandreea/Desktop/ANUL1/sem2/OOP/LAB/Lab8/contract.cpp"],"name":"_ZN8Contract15getAllContracteEv","regions":[[19,55,21,2,6,0,0,0]]},{"branches":[],"count":1,"filenames":["/Users/croitoruandreea/Desktop/ANUL1/sem2/OOP/LAB/Lab8/contract.cpp"],"name":"_ZN8Contract14stergeContractEv","regions":[[23,33,25,2,1,0,0,0]]}],"totals":{"branches":{"count":134,"covered":55,"notcovered":79,"percent":41.044776119402989},"functions":{"count":90,"covered":73,"percent":81.111111111111114},"instantiations":{"count":90,"covered":73,"percent":81.111111111111114},"lines":{"count":751,"covered":471,"percent":62.71637816245007},"regions":{"count":262,"covered":165,"notcovered":97,"percent":62.977099236641223}}}],"type":"llvm.coverage.json.export","version":"2.0.1"}