{"data":[{"files":[{"branches":[],"expansions":[],"filename":"/Users/croitoruandreea/Desktop/ANUL1/sem2/OOP/LAB/Lab8/disciplina.h","segments":[[20,41,0,true,true,false],[22,6,0,false,false,false],[28,41,0,true,true,false],[30,6,0,false,false,false],[36,41,0,true,true,false],[38,6,0,false,false,false],[44,39,0,true,true,false],[46,6,0,false,false,false],[56,142,0,true,true,false],[57,1,0,false,true,false],[57,1,0,true,false,false],[58,6,0,false,false,false],[60,111,0,true,true,false],[61,1,0,false,true,false],[61,48,0,true,false,false],[62,6,0,false,false,false]],"summary":{"branches":{"count":0,"covered":0,"notcovered":0,"percent":0},"functions":{"count":6,"covered":0,"percent":0},"instantiations":{"count":6,"covered":0,"percent":0},"lines":{"count":16,"covered":0,"percent":0},"regions":{"count":6,"covered":0,"notcovered":6,"percent":0}}},{"branches":[],"expansions":[],"filename":"/Users/croitoruandreea/Desktop/ANUL1/sem2/OOP/LAB/Lab8/erori.h","segments":[[11,78,0,true,true,false],[11,80,0,false,false,false],[14,24,0,true,true,false],[16,6,0,false,false,false]],"summary":{"branches":{"count":0,"covered":0,"notcovered":0,"percent":0},"functions":{"count":2,"covered":0,"percent":0},"instantiations":{"count":2,"covered":0,"percent":0},"lines":{"count":4,"covered":0,"percent":0},"regions":{"count":2,"covered":0,"notcovered":2,"percent":0}}},{"branches":[],"expansions":[],"filename":"/Users/croitoruandreea/Desktop/ANUL1/sem2/OOP/LAB/Lab8/main.cpp","segments":[[18,12,0,true,true,false],[26,2,0,false,false,false]],"summary":{"branches":{"count":0,"covered":0,"notcovered":0,"percent":0},"functions":{"count":1,"covered":0,"percent":0},"instantiations":{"count":1,"covered":0,"percent":0},"lines":{"count":9,"covered":0,"percent":0},"regions":{"count":1,"covered":0,"notcovered":1,"percent":0}}},{"branches":[[28,8,28,16,0,0,0,0,4],[39,20,39,36,0,0,0,0,4],[40,12,40,45,0,0,0,0,4],[40,12,40,119,0,0,0,0,4],[40,49,40,82,0,0,0,0,4],[40,86,40,119,0,0,0,0,4],[53,22,53,23,0,0,0,0,4],[54,12,54,31,0,0,0,0,4],[54,12,54,77,0,0,0,0,4],[54,35,54,54,0,0,0,0,4],[54,58,54,77,0,0,0,0,4]],"expansions":[],"filename":"/Users/croitoruandreea/Desktop/ANUL1/sem2/OOP/LAB/Lab8/repo.cpp","segments":[[14,55,0,true,true,false],[15,9,0,true,true,false],[18,6,0,true,false,false],[19,24,0,true,true,false],[21,6,0,true,false,false],[22,2,0,false,false,false],[27,48,0,true,true,false],[28,8,0,true,true,false],[28,16,0,true,false,false],[28,17,0,true,true,false],[30,6,0,true,false,true],[31,5,0,true,true,false],[32,2,0,false,false,false],[38,43,0,true,true,false],[39,20,0,true,true,false],[39,36,0,true,false,false],[39,38,0,true,true,false],[39,41,0,true,false,false],[39,42,0,true,true,false],[40,12,0,true,true,false],[40,45,0,true,false,false],[40,49,0,true,true,false],[40,82,0,true,false,false],[40,86,0,true,true,false],[40,119,0,true,false,false],[41,13,0,true,true,false],[41,41,0,true,false,false],[43,2,0,false,false,false],[52,108,0,true,true,false],[53,30,0,true,false,true],[53,31,0,true,true,false],[54,12,0,true,true,false],[54,31,0,true,false,false],[54,35,0,true,true,false],[54,54,0,true,false,false],[54,58,0,true,true,false],[54,77,0,true,false,false],[54,79,0,true,true,false],[56,10,0,true,false,false],[58,5,0,true,true,false],[58,55,0,true,false,false],[59,2,0,false,false,false]],"summary":{"branches":{"count":22,"covered":0,"notcovered":22,"percent":0},"functions":{"count":4,"covered":0,"percent":0},"instantiations":{"count":4,"covered":0,"percent":0},"lines":{"count":29,"covered":0,"percent":0},"regions":{"count":26,"covered":0,"notcovered":26,"percent":0}}},{"branches":[],"expansions":[],"filename":"/Users/croitoruandreea/Desktop/ANUL1/sem2/OOP/LAB/Lab8/repo.h","segments":[[19,30,0,true,true,false],[19,31,0,false,false,false],[37,33,0,true,true,false],[39,6,0,false,false,false]],"summary":{"branches":{"count":0,"covered":0,"notcovered":0,"percent":0},"functions":{"count":2,"covered":0,"percent":0},"instantiations":{"count":2,"covered":0,"percent":0},"lines":{"count":4,"covered":0,"percent":0},"regions":{"count":2,"covered":0,"notcovered":2,"percent":0}}},{"branches":[[32,27,32,28,0,0,0,0,4],[33,12,33,23,0,0,0,0,4],[56,20,56,34,0,0,0,0,4],[61,11,61,18,0,0,0,0,4],[63,24,63,48,0,0,0,0,4],[64,16,64,70,0,0,0,0,4]],"expansions":[],"filename":"/Users/croitoruandreea/Desktop/ANUL1/sem2/OOP/LAB/Lab8/service.cpp","segments":[[5,105,0,true,true,false],[9,2,0,false,false,false],[11,108,0,true,true,false],[17,2,0,false,false,false],[19,101,0,true,true,false],[23,2,0,false,false,false],[25,114,0,true,true,false],[27,2,0,false,false,false],[30,93,0,true,true,false],[32,43,0,true,false,true],[32,44,0,true,true,false],[33,12,0,true,true,false],[33,23,0,true,false,false],[33,25,0,true,true,false],[35,10,0,true,false,false],[38,2,0,false,false,false],[40,76,0,true,true,false],[41,49,0,true,true,false],[43,6,0,true,false,false],[44,2,0,false,false,false],[46,56,0,true,true,false],[47,46,0,true,true,false],[49,6,0,true,false,false],[50,2,0,false,false,false],[52,78,0,true,true,false],[55,1,0,false,true,false],[55,1,0,true,false,false],[56,20,0,true,true,false],[56,34,0,true,false,false],[56,36,0,true,true,false],[56,39,0,true,false,false],[56,41,0,true,true,false],[58,6,0,true,false,false],[59,1,0,false,true,false],[59,1,0,true,false,false],[61,11,0,true,true,false],[61,18,0,true,false,false],[61,20,0,true,true,false],[63,24,0,true,true,false],[63,48,0,true,false,false],[63,50,0,true,true,false],[63,53,0,true,false,false],[63,55,0,true,true,false],[64,16,0,true,true,false],[64,70,0,true,false,false],[64,72,0,true,true,false],[69,14,0,true,false,false],[73,2,0,false,false,false]],"summary":{"branches":{"count":12,"covered":0,"notcovered":12,"percent":0},"functions":{"count":10,"covered":0,"percent":0},"instantiations":{"count":10,"covered":0,"percent":0},"lines":{"count":65,"covered":0,"percent":0},"regions":{"count":23,"covered":0,"notcovered":23,"percent":0}}},{"branches":[],"expansions":[],"filename":"/Users/croitoruandreea/Desktop/ANUL1/sem2/OOP/LAB/Lab8/service.h","segments":[[22,96,0,true,true,false],[23,6,0,false,false,false],[36,42,0,true,true,false],[38,6,0,false,false,false]],"summary":{"branches":{"count":0,"covered":0,"notcovered":0,"percent":0},"functions":{"count":2,"covered":0,"percent":0},"instantiations":{"count":2,"covered":0,"percent":0},"lines":{"count":5,"covered":0,"percent":0},"regions":{"count":2,"covered":0,"notcovered":2,"percent":0}}},{"branches":[[122,9,122,37,0,0,0,0,4]],"expansions":[],"filename":"/Users/croitoruandreea/Desktop/ANUL1/sem2/OOP/LAB/Lab8/teste.cpp","segments":[[9,17,0,true,true,false],[12,36,0,true,false,true],[15,1,0,false,true,false],[15,1,0,true,false,true],[16,8,0,true,true,false],[19,6,0,true,false,false],[20,26,0,true,true,false],[21,99,0,true,false,true],[24,1,0,false,true,false],[24,1,0,true,false,true],[25,5,0,true,true,false],[26,34,0,true,false,true],[30,1,0,false,true,false],[31,1,0,true,false,true],[32,8,0,true,true,false],[35,6,0,true,false,false],[36,27,0,true,true,false],[37,90,0,true,false,true],[40,1,0,false,true,false],[40,1,0,true,false,true],[41,5,0,true,true,false],[45,2,0,false,false,false],[48,16,0,true,true,false],[54,2,0,false,false,false],[56,19,0,true,true,false],[63,2,0,false,false,false],[65,19,0,true,true,false],[73,1,0,false,true,false],[73,1,0,true,false,false],[74,2,0,false,false,false],[76,19,0,true,true,false],[83,2,0,false,false,false],[85,26,0,true,true,false],[90,36,0,true,false,true],[96,1,0,false,true,false],[96,1,0,true,false,false],[97,2,0,false,false,false],[99,23,0,true,true,false],[104,36,0,true,false,true],[110,1,0,false,true,false],[110,1,0,true,false,false],[111,2,0,false,false,false],[113,64,0,true,true,false],[115,2,0,false,false,false],[117,59,0,true,true,false],[119,2,0,false,false,false],[121,63,0,true,true,false],[122,9,0,true,true,false],[122,37,0,true,false,false],[122,39,0,true,true,false],[124,6,0,true,false,true],[125,10,0,true,true,false],[127,6,0,true,false,false],[128,2,0,false,false,false],[130,20,0,true,true,false],[131,1,0,false,true,false],[131,1,0,true,false,false],[138,1,0,false,true,false],[138,1,0,true,false,false],[142,1,0,false,true,false],[142,1,0,true,false,false],[145,1,0,false,true,false],[145,1,0,true,false,true],[148,1,0,false,true,false],[148,1,0,true,false,true],[151,1,0,false,true,false],[151,1,0,true,false,false],[152,2,0,false,false,false],[155,15,0,true,true,false],[164,1,0,false,true,false],[167,1,0,true,false,false],[168,2,0,false,false,false]],"summary":{"branches":{"count":2,"covered":0,"notcovered":2,"percent":0},"functions":{"count":12,"covered":0,"percent":0},"instantiations":{"count":12,"covered":0,"percent":0},"lines":{"count":129,"covered":0,"percent":0},"regions":{"count":21,"covered":0,"notcovered":21,"percent":0}}},{"branches":[[72,25,72,26,0,0,0,0,4],[120,9,120,37,0,0,0,0,4],[133,9,133,23,0,0,0,0,4],[136,15,136,29,0,0,0,0,4],[139,15,139,29,0,0,0,0,4],[149,11,149,15,0,0,0,0,4],[155,17,155,23,0,0,0,0,4],[158,17,158,23,0,0,0,0,4],[161,17,161,23,0,0,0,0,4],[164,17,164,23,0,0,0,0,4],[167,17,167,23,0,0,0,0,4],[170,17,170,23,0,0,0,0,4],[173,17,173,23,0,0,0,0,4],[176,17,176,23,0,0,0,0,4],[179,17,179,23,0,0,0,0,4],[182,17,182,24,0,0,0,0,4]],"expansions":[],"filename":"/Users/croitoruandreea/Desktop/ANUL1/sem2/OOP/LAB/Lab8/ui.cpp","segments":[[6,20,0,true,true,false],[17,1,0,false,true,false],[17,1,0,true,false,false],[18,8,0,true,true,false],[21,6,0,true,false,false],[22,33,0,true,true,false],[24,6,0,true,false,false],[25,1,0,false,true,false],[25,1,0,true,false,false],[26,2,0,false,false,false],[28,22,0,true,true,false],[40,1,0,false,true,false],[40,1,0,true,false,false],[41,8,0,true,true,false],[44,6,0,true,false,false],[45,33,0,true,true,false],[47,6,0,true,false,false],[48,1,0,false,true,false],[48,1,0,true,false,false],[49,2,0,false,false,false],[51,20,0,true,true,false],[59,1,0,false,true,false],[59,1,0,true,false,false],[60,8,0,true,true,false],[63,6,0,true,false,false],[64,33,0,true,true,false],[66,6,0,true,false,false],[67,1,0,false,true,false],[67,1,0,true,false,false],[68,2,0,false,false,false],[70,53,0,true,true,false],[72,33,0,true,false,true],[73,9,0,true,true,false],[73,174,0,true,false,false],[75,2,0,false,false,false],[77,21,0,true,true,false],[85,1,0,false,true,false],[85,1,0,true,false,false],[86,8,0,true,true,false],[90,6,0,true,false,false],[91,33,0,true,true,false],[93,6,0,true,false,false],[94,1,0,false,true,false],[94,1,0,true,false,false],[95,2,0,false,false,false],[97,27,0,true,true,false],[102,2,0,false,false,false],[104,24,0,true,true,false],[109,2,0,false,false,false],[111,62,0,true,true,false],[113,2,0,false,false,false],[115,57,0,true,true,false],[117,2,0,false,false,false],[119,61,0,true,true,false],[120,9,0,true,true,false],[120,37,0,true,false,false],[120,39,0,true,true,false],[122,6,0,true,false,true],[123,10,0,true,true,false],[125,6,0,true,false,false],[126,2,0,false,false,false],[128,22,0,true,true,false],[133,9,0,true,true,false],[133,23,0,true,false,false],[133,25,0,true,true,false],[136,6,0,true,false,true],[136,12,0,true,true,false],[136,15,0,true,true,false],[136,29,0,true,false,false],[136,31,0,true,true,false],[139,6,0,true,false,true],[139,12,0,true,true,false],[139,15,0,true,true,false],[139,29,0,true,false,false],[139,31,0,true,true,false],[142,6,0,true,false,false],[143,2,0,false,false,false],[144,16,0,true,true,false],[148,1,0,false,true,false],[148,1,0,true,false,false],[149,11,0,true,true,false],[149,15,0,true,false,false],[149,16,0,true,true,false],[153,12,0,true,true,false],[154,30,0,true,false,true],[155,17,0,true,true,false],[157,26,0,true,false,true],[158,17,0,true,true,false],[160,26,0,true,false,true],[161,17,0,true,true,false],[163,26,0,true,false,true],[164,17,0,true,true,false],[166,26,0,true,false,true],[167,17,0,true,true,false],[169,26,0,true,false,true],[170,17,0,true,true,false],[172,26,0,true,false,true],[173,17,0,true,true,false],[175,26,0,true,false,true],[176,17,0,true,true,false],[178,26,0,true,false,true],[179,17,0,true,true,false],[181,27,0,true,false,true],[182,17,0,true,true,false],[183,52,0,true,false,false],[186,36,0,true,true,false],[188,10,0,true,false,false],[189,1,0,false,true,false],[189,1,0,true,false,false],[191,1,0,false,true,false],[191,1,0,true,false,false],[192,2,0,false,false,false]],"summary":{"branches":{"count":30,"covered":0,"notcovered":30,"percent":0},"functions":{"count":12,"covered":0,"percent":0},"instantiations":{"count":12,"covered":0,"percent":0},"lines":{"count":166,"covered":0,"percent":0},"regions":{"count":46,"covered":0,"notcovered":46,"percent":0}}},{"branches":[],"expansions":[],"filename":"/Users/croitoruandreea/Desktop/ANUL1/sem2/OOP/LAB/Lab8/ui.h","segments":[[18,66,0,true,true,false],[19,10,0,false,false,false]],"summary":{"branches":{"count":0,"covered":0,"notcovered":0,"percent":0},"functions":{"count":1,"covered":0,"percent":0},"instantiations":{"count":1,"covered":0,"percent":0},"lines":{"count":2,"covered":0,"percent":0},"regions":{"count":1,"covered":0,"notcovered":1,"percent":0}}},{"branches":[[5,9,5,20,0,0,0,0,4],[6,21,6,35,0,0,0,0,4],[7,16,7,32,0,0,0,0,4],[7,36,7,52,0,0,0,0,4],[7,58,7,74,0,0,0,0,4],[7,78,7,94,0,0,0,0,4],[7,99,7,115,0,0,0,0,4],[15,9,15,38,0,0,0,0,4],[16,9,16,38,0,0,0,0,4],[17,9,17,38,0,0,0,0,4],[18,9,18,15,0,0,0,0,4],[19,9,19,24,0,0,0,0,4]],"expansions":[],"filename":"/Users/croitoruandreea/Desktop/ANUL1/sem2/OOP/LAB/Lab8/validator.cpp","segments":[[4,30,0,true,true,false],[5,9,0,true,true,false],[5,20,0,true,false,false],[5,22,0,true,true,false],[5,34,0,true,false,false],[6,5,0,true,true,false],[6,21,0,true,true,false],[6,35,0,true,false,false],[6,37,0,true,true,false],[6,40,0,true,false,false],[6,42,0,true,true,false],[7,13,0,true,true,false],[7,15,0,true,true,false],[7,16,0,true,true,false],[7,32,0,true,false,false],[7,36,0,true,true,false],[7,52,0,true,false,false],[7,57,0,true,true,false],[7,58,0,true,true,false],[7,74,0,true,false,false],[7,78,0,true,true,false],[7,94,0,true,false,false],[7,99,0,true,true,false],[7,115,0,true,false,false],[7,118,0,true,true,false],[7,130,0,true,false,false],[9,5,0,true,true,false],[9,16,0,true,false,false],[10,2,0,false,false,false],[12,82,0,true,true,false],[14,1,0,false,true,false],[14,1,0,true,false,false],[15,9,0,true,true,false],[15,38,0,true,false,false],[15,40,0,true,true,false],[15,83,0,true,false,false],[16,9,0,true,true,false],[16,38,0,true,false,false],[16,40,0,true,true,false],[16,93,0,true,false,false],[17,9,0,true,true,false],[17,38,0,true,false,false],[17,40,0,true,true,false],[17,78,0,true,false,false],[18,9,0,true,true,false],[18,15,0,true,false,false],[18,17,0,true,true,false],[18,64,0,true,false,false],[19,9,0,true,true,false],[19,24,0,true,false,false],[19,26,0,true,true,false],[19,49,0,true,false,false],[20,2,0,false,false,false]],"summary":{"branches":{"count":24,"covered":0,"notcovered":24,"percent":0},"functions":{"count":2,"covered":0,"percent":0},"instantiations":{"count":2,"covered":0,"percent":0},"lines":{"count":15,"covered":0,"percent":0},"regions":{"count":29,"covered":0,"notcovered":29,"percent":0}}}],"functions":[{"branches":[],"count":0,"filenames":["/Users/croitoruandreea/Desktop/ANUL1/sem2/OOP/LAB/Lab8/main.cpp"],"name":"main","regions":[[18,12,26,2,0,0,0,0]]},{"branches":[],"count":0,"filenames":["/Users/croitoruandreea/Desktop/ANUL1/sem2/OOP/LAB/Lab8/repo.h"],"name":"_ZN14DisciplinaRepoC2Ev","regions":[[19,30,19,31,0,0,0,0]]},{"branches":[],"count":0,"filenames":["/Users/croitoruandreea/Desktop/ANUL1/sem2/OOP/LAB/Lab8/service.h"],"name":"_ZN17DisciplinaServiceC2ER14DisciplinaRepoR9Validator","regions":[[22,96,23,6,0,0,0,0]]},{"branches":[],"count":0,"filenames":["/Users/croitoruandreea/Desktop/ANUL1/sem2/OOP/LAB/Lab8/ui.h"],"name":"_ZN2UIC2ER17DisciplinaService","regions":[[18,66,19,10,0,0,0,0]]},{"branches":[],"count":0,"filenames":["/Users/croitoruandreea/Desktop/ANUL1/sem2/OOP/LAB/Lab8/disciplina.h"],"name":"_ZNK10Disciplina7getNameEv","regions":[[20,41,22,6,0,0,0,0]]},{"branches":[],"count":0,"filenames":["/Users/croitoruandreea/Desktop/ANUL1/sem2/OOP/LAB/Lab8/disciplina.h"],"name":"_ZNK10Disciplina7getTypeEv","regions":[[28,41,30,6,0,0,0,0]]},{"branches":[],"count":0,"filenames":["/Users/croitoruandreea/Desktop/ANUL1/sem2/OOP/LAB/Lab8/disciplina.h"],"name":"_ZNK10Disciplina7getProfEv","regions":[[36,41,38,6,0,0,0,0]]},{"branches":[],"count":0,"filenames":["/Users/croitoruandreea/Desktop/ANUL1/sem2/OOP/LAB/Lab8/disciplina.h"],"name":"_ZNK10Disciplina8getHoursEv","regions":[[44,39,46,6,0,0,0,0]]},{"branches":[],"count":0,"filenames":["/Users/croitoruandreea/Desktop/ANUL1/sem2/OOP/LAB/Lab8/disciplina.h"],"name":"_ZN10DisciplinaC2ENSt3__112basic_stringIcNS0_11char_traitsIcEENS0_9allocatorIcEEEEiS6_S6_","regions":[[56,142,58,6,0,0,0,0],[57,1,57,1,0,0,0,2]]},{"branches":[],"count":0,"filenames":["/Users/croitoruandreea/Desktop/ANUL1/sem2/OOP/LAB/Lab8/disciplina.h"],"name":"_ZN10DisciplinaC2ERKS_","regions":[[60,111,62,6,0,0,0,0],[61,1,61,48,0,0,0,2]]},{"branches":[],"count":0,"filenames":["/Users/croitoruandreea/Desktop/ANUL1/sem2/OOP/LAB/Lab8/erori.h"],"name":"_ZN9ExceptionC2ERKNSt3__112basic_stringIcNS0_11char_traitsIcEENS0_9allocatorIcEEEE","regions":[[11,78,11,80,0,0,0,0]]},{"branches":[],"count":0,"filenames":["/Users/croitoruandreea/Desktop/ANUL1/sem2/OOP/LAB/Lab8/erori.h"],"name":"_ZN9Exception10getMessageEv","regions":[[14,24,16,6,0,0,0,0]]},{"branches":[],"count":0,"filenames":["/Users/croitoruandreea/Desktop/ANUL1/sem2/OOP/LAB/Lab8/repo.h"],"name":"_ZN14DisciplinaRepo6getAllEv","regions":[[37,33,39,6,0,0,0,0]]},{"branches":[],"count":0,"filenames":["/Users/croitoruandreea/Desktop/ANUL1/sem2/OOP/LAB/Lab8/service.h"],"name":"_ZN17DisciplinaService6getAllEv","regions":[[36,42,38,6,0,0,0,0]]},{"branches":[],"count":0,"filenames":["/Users/croitoruandreea/Desktop/ANUL1/sem2/OOP/LAB/Lab8/ui.cpp"],"name":"_ZN2UI8adaugaUIEv","regions":[[6,20,26,2,0,0,0,0],[17,1,17,1,0,0,0,2],[18,8,21,6,0,0,0,0],[22,33,24,6,0,0,0,0],[25,1,25,1,0,0,0,2]]},{"branches":[],"count":0,"filenames":["/Users/croitoruandreea/Desktop/ANUL1/sem2/OOP/LAB/Lab8/ui.cpp"],"name":"_ZN2UI10modificaUIEv","regions":[[28,22,49,2,0,0,0,0],[40,1,40,1,0,0,0,2],[41,8,44,6,0,0,0,0],[45,33,47,6,0,0,0,0],[48,1,48,1,0,0,0,2]]},{"branches":[],"count":0,"filenames":["/Users/croitoruandreea/Desktop/ANUL1/sem2/OOP/LAB/Lab8/ui.cpp"],"name":"_ZN2UI8stergeUIEv","regions":[[51,20,68,2,0,0,0,0],[59,1,59,1,0,0,0,2],[60,8,63,6,0,0,0,0],[64,33,66,6,0,0,0,0],[67,1,67,1,0,0,0,2]]},{"branches":[[72,25,72,26,0,0,0,0,4]],"count":0,"filenames":["/Users/croitoruandreea/Desktop/ANUL1/sem2/OOP/LAB/Lab8/ui.cpp"],"name":"_ZN2UI10afiseazaUIERKNSt3__16vectorI10DisciplinaNS0_9allocatorIS2_EEEE","regions":[[70,53,75,2,0,0,0,0],[72,33,73,9,0,0,0,3],[73,9,73,174,0,0,0,0]]},{"branches":[],"count":0,"filenames":["/Users/croitoruandreea/Desktop/ANUL1/sem2/OOP/LAB/Lab8/ui.cpp"],"name":"_ZN2UI9cautareUIEv","regions":[[77,21,95,2,0,0,0,0],[85,1,85,1,0,0,0,2],[86,8,90,6,0,0,0,0],[91,33,93,6,0,0,0,0],[94,1,94,1,0,0,0,2]]},{"branches":[],"count":0,"filenames":["/Users/croitoruandreea/Desktop/ANUL1/sem2/OOP/LAB/Lab8/ui.cpp"],"name":"_ZN2UI14filtrareProfUIEv","regions":[[97,27,102,2,0,0,0,0]]},{"branches":[],"count":0,"filenames":["/Users/croitoruandreea/Desktop/ANUL1/sem2/OOP/LAB/Lab8/ui.cpp"],"name":"_ZN2UI11filtrareHUIEv","regions":[[104,24,109,2,0,0,0,0]]},{"branches":[],"count":0,"filenames":["/Users/croitoruandreea/Desktop/ANUL1/sem2/OOP/LAB/Lab8/ui.cpp"],"name":"_Z12sortDenumireRK10DisciplinaS1_","regions":[[111,62,113,2,0,0,0,0]]},{"branches":[],"count":0,"filenames":["/Users/croitoruandreea/Desktop/ANUL1/sem2/OOP/LAB/Lab8/ui.cpp"],"name":"_Z7sortOreRK10DisciplinaS1_","regions":[[115,57,117,2,0,0,0,0]]},{"branches":[[120,9,120,37,0,0,0,0,4]],"count":0,"filenames":["/Users/croitoruandreea/Desktop/ANUL1/sem2/OOP/LAB/Lab8/ui.cpp"],"name":"_Z11sortTipProfRK10DisciplinaS1_","regions":[[119,61,126,2,0,0,0,0],[120,9,120,37,0,0,0,0],[120,38,120,39,0,0,0,3],[120,39,122,6,0,0,0,0],[122,6,123,10,0,0,0,3],[123,10,125,6,0,0,0,0]]},{"branches":[[133,9,133,23,0,0,0,0,4],[136,15,136,29,0,0,0,0,4],[139,15,139,29,0,0,0,0,4]],"count":0,"filenames":["/Users/croitoruandreea/Desktop/ANUL1/sem2/OOP/LAB/Lab8/ui.cpp"],"name":"_ZN2UI9sortareUIEv","regions":[[128,22,143,2,0,0,0,0],[133,9,133,23,0,0,0,0],[133,24,133,25,0,0,0,3],[133,25,136,6,0,0,0,0],[136,6,136,12,0,0,0,3],[136,12,142,6,0,0,0,0],[136,15,136,29,0,0,0,0],[136,30,136,31,0,0,0,3],[136,31,139,6,0,0,0,0],[139,6,139,12,0,0,0,3],[139,12,142,6,0,0,0,0],[139,15,139,29,0,0,0,0],[139,30,139,31,0,0,0,3],[139,31,142,6,0,0,0,0]]},{"branches":[[155,17,155,23,0,0,0,0,4],[158,17,158,23,0,0,0,0,4],[161,17,161,23,0,0,0,0,4],[164,17,164,23,0,0,0,0,4],[167,17,167,23,0,0,0,0,4],[170,17,170,23,0,0,0,0,4],[173,17,173,23,0,0,0,0,4],[176,17,176,23,0,0,0,0,4],[179,17,179,23,0,0,0,0,4],[182,17,182,24,0,0,0,0,4]],"count":0,"filenames":["/Users/croitoruandreea/Desktop/ANUL1/sem2/OOP/LAB/Lab8/ui.cpp"],"name":"_ZN2UI3runEv","regions":[[144,16,192,2,0,0,0,0],[148,1,148,1,0,0,0,2],[149,11,149,15,0,0,0,0],[149,16,190,6,0,0,0,0],[153,12,185,10,0,0,0,0],[154,30,183,52,0,0,0,3],[155,17,157,26,0,0,0,0],[157,27,158,17,0,0,0,3],[158,17,160,26,0,0,0,0],[160,27,161,17,0,0,0,3],[161,17,163,26,0,0,0,0],[163,27,164,17,0,0,0,3],[164,17,166,26,0,0,0,0],[166,27,167,17,0,0,0,3],[167,17,169,26,0,0,0,0],[169,27,170,17,0,0,0,3],[170,17,172,26,0,0,0,0],[172,27,173,17,0,0,0,3],[173,17,175,26,0,0,0,0],[175,27,176,17,0,0,0,3],[176,17,178,26,0,0,0,0],[178,27,179,17,0,0,0,3],[179,17,181,27,0,0,0,0],[181,28,182,17,0,0,0,3],[182,17,183,52,0,0,0,0],[186,36,188,10,0,0,0,0],[189,1,189,1,0,0,0,2],[191,1,191,1,0,0,0,2]]},{"branches":[],"count":0,"filenames":["/Users/croitoruandreea/Desktop/ANUL1/sem2/OOP/LAB/Lab8/service.cpp"],"name":"_ZN17DisciplinaService13addDisciplinaERKNSt3__112basic_stringIcNS0_11char_traitsIcEENS0_9allocatorIcEEEEiS8_S8_","regions":[[5,105,9,2,0,0,0,0]]},{"branches":[],"count":0,"filenames":["/Users/croitoruandreea/Desktop/ANUL1/sem2/OOP/LAB/Lab8/service.cpp"],"name":"_ZN17DisciplinaService16modifyDisciplinaERKNSt3__112basic_stringIcNS0_11char_traitsIcEENS0_9allocatorIcEEEEiS8_S8_","regions":[[11,108,17,2,0,0,0,0]]},{"branches":[],"count":0,"filenames":["/Users/croitoruandreea/Desktop/ANUL1/sem2/OOP/LAB/Lab8/service.cpp"],"name":"_ZN17DisciplinaService16deleteDisciplinaERKNSt3__112basic_stringIcNS0_11char_traitsIcEENS0_9allocatorIcEEEES8_S8_","regions":[[19,101,23,2,0,0,0,0]]},{"branches":[],"count":0,"filenames":["/Users/croitoruandreea/Desktop/ANUL1/sem2/OOP/LAB/Lab8/service.cpp"],"name":"_ZN17DisciplinaService16searchDisciplinaERKNSt3__112basic_stringIcNS0_11char_traitsIcEENS0_9allocatorIcEEEES8_S8_","regions":[[25,114,27,2,0,0,0,0]]},{"branches":[[32,27,32,28,0,0,0,0,4],[33,12,33,23,0,0,0,0,4]],"count":0,"filenames":["/Users/croitoruandreea/Desktop/ANUL1/sem2/OOP/LAB/Lab8/service.cpp"],"name":"_ZN17DisciplinaService8filtrareERKNSt3__18functionIFbRK10DisciplinaEEE","regions":[[30,93,38,2,0,0,0,0],[32,43,32,44,0,0,0,3],[32,44,36,6,0,0,0,0],[33,12,33,23,0,0,0,0],[33,24,33,25,0,0,0,3],[33,25,35,10,0,0,0,0]]},{"branches":[],"count":0,"filenames":["/Users/croitoruandreea/Desktop/ANUL1/sem2/OOP/LAB/Lab8/service.cpp"],"name":"_ZN17DisciplinaService12filtrareProfERKNSt3__112basic_stringIcNS0_11char_traitsIcEENS0_9allocatorIcEEEE","regions":[[40,76,44,2,0,0,0,0]]},{"branches":[],"count":0,"filenames":["/Users/croitoruandreea/Desktop/ANUL1/sem2/OOP/LAB/Lab8/service.cpp"],"name":"_ZN17DisciplinaService9filtrareHEi","regions":[[46,56,50,2,0,0,0,0]]},{"branches":[[56,20,56,34,0,0,0,0,4],[61,11,61,18,0,0,0,0,4],[63,24,63,48,0,0,0,0,4],[64,16,64,70,0,0,0,0,4]],"count":0,"filenames":["/Users/croitoruandreea/Desktop/ANUL1/sem2/OOP/LAB/Lab8/service.cpp"],"name":"_ZN17DisciplinaService17sortareDisciplineEPFiRK10DisciplinaS2_E","regions":[[52,78,73,2,0,0,0,0],[55,1,55,1,0,0,0,2],[56,20,56,34,0,0,0,0],[56,36,56,39,0,0,0,0],[56,40,56,41,0,0,0,3],[56,41,58,6,0,0,0,0],[59,1,59,1,0,0,0,2],[61,11,61,18,0,0,0,0],[61,19,61,20,0,0,0,3],[61,20,71,6,0,0,0,0],[63,24,63,48,0,0,0,0],[63,50,63,53,0,0,0,0],[63,54,63,55,0,0,0,3],[63,55,70,10,0,0,0,0],[64,16,64,70,0,0,0,0],[64,71,64,72,0,0,0,3],[64,72,69,14,0,0,0,0]]},{"branches":[],"count":0,"filenames":["/Users/croitoruandreea/Desktop/ANUL1/sem2/OOP/LAB/Lab8/service.cpp"],"name":"service.cpp:_ZZN17DisciplinaService12filtrareProfERKNSt3__112basic_stringIcNS0_11char_traitsIcEENS0_9allocatorIcEEEEENK3$_0clERK10Disciplina","regions":[[41,49,43,6,0,0,0,0]]},{"branches":[],"count":0,"filenames":["/Users/croitoruandreea/Desktop/ANUL1/sem2/OOP/LAB/Lab8/service.cpp"],"name":"service.cpp:_ZZN17DisciplinaService9filtrareHEiENK3$_1clERK10Disciplina","regions":[[47,46,49,6,0,0,0,0]]},{"branches":[],"count":0,"filenames":["/Users/croitoruandreea/Desktop/ANUL1/sem2/OOP/LAB/Lab8/repo.cpp"],"name":"_ZNK14DisciplinaRepo5existERK10Disciplina","regions":[[14,55,22,2,0,0,0,0],[15,9,18,6,0,0,0,0],[19,24,21,6,0,0,0,0]]},{"branches":[[28,8,28,16,0,0,0,0,4]],"count":0,"filenames":["/Users/croitoruandreea/Desktop/ANUL1/sem2/OOP/LAB/Lab8/repo.cpp"],"name":"_ZN14DisciplinaRepo5storeERK10Disciplina","regions":[[27,48,32,2,0,0,0,0],[28,8,28,16,0,0,0,0],[28,17,30,6,0,0,0,0],[30,6,31,5,0,0,0,3],[31,5,32,2,0,0,0,0]]},{"branches":[[39,20,39,36,0,0,0,0,4],[40,12,40,45,0,0,0,0,4],[40,12,40,119,0,0,0,0,4],[40,49,40,82,0,0,0,0,4],[40,86,40,119,0,0,0,0,4]],"count":0,"filenames":["/Users/croitoruandreea/Desktop/ANUL1/sem2/OOP/LAB/Lab8/repo.cpp"],"name":"_ZN14DisciplinaRepo6stergeER10Disciplina","regions":[[38,43,43,2,0,0,0,0],[39,20,39,36,0,0,0,0],[39,38,39,41,0,0,0,0],[39,42,42,6,0,0,0,0],[40,12,40,45,0,0,0,0],[40,12,40,82,0,0,0,0],[40,12,40,119,0,0,0,0],[40,49,40,82,0,0,0,0],[40,86,40,119,0,0,0,0],[40,120,41,13,0,0,0,3],[41,13,41,41,0,0,0,0]]},{"branches":[[53,22,53,23,0,0,0,0,4],[54,12,54,31,0,0,0,0,4],[54,12,54,77,0,0,0,0,4],[54,35,54,54,0,0,0,0,4],[54,58,54,77,0,0,0,0,4]],"count":0,"filenames":["/Users/croitoruandreea/Desktop/ANUL1/sem2/OOP/LAB/Lab8/repo.cpp"],"name":"_ZNK14DisciplinaRepo6searchERKNSt3__112basic_stringIcNS0_11char_traitsIcEENS0_9allocatorIcEEEES8_S8_","regions":[[52,108,59,2,0,0,0,0],[53,30,53,31,0,0,0,3],[53,31,57,6,0,0,0,0],[54,12,54,31,0,0,0,0],[54,12,54,54,0,0,0,0],[54,12,54,77,0,0,0,0],[54,35,54,54,0,0,0,0],[54,58,54,77,0,0,0,0],[54,78,54,79,0,0,0,3],[54,79,56,10,0,0,0,0],[57,6,58,5,0,0,0,3],[58,5,58,55,0,0,0,0]]},{"branches":[],"count":0,"filenames":["/Users/croitoruandreea/Desktop/ANUL1/sem2/OOP/LAB/Lab8/teste.cpp"],"name":"_Z9test_repov","regions":[[9,17,45,2,0,0,0,0],[12,36,13,5,0,0,0,3],[14,36,16,5,0,0,0,3],[15,1,15,1,0,0,0,2],[16,8,19,6,0,0,0,0],[20,26,23,6,0,0,0,0],[21,99,22,9,0,0,0,3],[23,6,25,5,0,0,0,3],[24,1,24,1,0,0,0,2],[25,5,45,2,0,0,0,0],[26,34,27,5,0,0,0,3],[27,36,28,5,0,0,0,3],[28,34,29,5,0,0,0,3],[29,30,32,5,0,0,0,3],[30,1,31,1,0,0,0,2],[32,8,35,6,0,0,0,0],[36,27,39,6,0,0,0,0],[37,90,38,9,0,0,0,3],[39,6,41,5,0,0,0,3],[40,1,40,1,0,0,0,2],[41,5,45,2,0,0,0,0]]},{"branches":[],"count":0,"filenames":["/Users/croitoruandreea/Desktop/ANUL1/sem2/OOP/LAB/Lab8/teste.cpp"],"name":"_Z8test_addv","regions":[[48,16,54,2,0,0,0,0]]},{"branches":[],"count":0,"filenames":["/Users/croitoruandreea/Desktop/ANUL1/sem2/OOP/LAB/Lab8/teste.cpp"],"name":"_Z11test_modifyv","regions":[[56,19,63,2,0,0,0,0]]},{"branches":[],"count":0,"filenames":["/Users/croitoruandreea/Desktop/ANUL1/sem2/OOP/LAB/Lab8/teste.cpp"],"name":"_Z11test_deletev","regions":[[65,19,74,2,0,0,0,0],[73,1,73,1,0,0,0,2]]},{"branches":[],"count":0,"filenames":["/Users/croitoruandreea/Desktop/ANUL1/sem2/OOP/LAB/Lab8/teste.cpp"],"name":"_Z11test_searchv","regions":[[76,19,83,2,0,0,0,0]]},{"branches":[],"count":0,"filenames":["/Users/croitoruandreea/Desktop/ANUL1/sem2/OOP/LAB/Lab8/teste.cpp"],"name":"_Z17test_filtrareProfv","regions":[[85,26,97,2,0,0,0,0],[90,36,91,5,0,0,0,3],[94,37,95,5,0,0,0,3],[96,1,96,1,0,0,0,2]]},{"branches":[],"count":0,"filenames":["/Users/croitoruandreea/Desktop/ANUL1/sem2/OOP/LAB/Lab8/teste.cpp"],"name":"_Z14test_filtrareHv","regions":[[99,23,111,2,0,0,0,0],[104,36,105,5,0,0,0,3],[108,37,109,5,0,0,0,3],[110,1,110,1,0,0,0,2]]},{"branches":[],"count":0,"filenames":["/Users/croitoruandreea/Desktop/ANUL1/sem2/OOP/LAB/Lab8/teste.cpp"],"name":"_Z14sortbyDenumireRK10DisciplinaS1_","regions":[[113,64,115,2,0,0,0,0]]},{"branches":[],"count":0,"filenames":["/Users/croitoruandreea/Desktop/ANUL1/sem2/OOP/LAB/Lab8/teste.cpp"],"name":"_Z9sortbyOreRK10DisciplinaS1_","regions":[[117,59,119,2,0,0,0,0]]},{"branches":[[122,9,122,37,0,0,0,0,4]],"count":0,"filenames":["/Users/croitoruandreea/Desktop/ANUL1/sem2/OOP/LAB/Lab8/teste.cpp"],"name":"_Z13sortbyTipProfRK10DisciplinaS1_","regions":[[121,63,128,2,0,0,0,0],[122,9,122,37,0,0,0,0],[122,38,122,39,0,0,0,3],[122,39,124,6,0,0,0,0],[124,6,125,10,0,0,0,3],[125,10,127,6,0,0,0,0]]},{"branches":[],"count":0,"filenames":["/Users/croitoruandreea/Desktop/ANUL1/sem2/OOP/LAB/Lab8/teste.cpp"],"name":"_Z12test_sortarev","regions":[[130,20,152,2,0,0,0,0],[131,1,131,1,0,0,0,2],[138,1,138,1,0,0,0,2],[142,1,142,1,0,0,0,2],[143,33,144,9,0,0,0,3],[144,41,146,9,0,0,0,3],[145,1,145,1,0,0,0,2],[146,34,147,9,0,0,0,3],[147,42,149,9,0,0,0,3],[148,1,148,1,0,0,0,2],[149,34,150,9,0,0,0,3],[151,1,151,1,0,0,0,2]]},{"branches":[],"count":0,"filenames":["/Users/croitoruandreea/Desktop/ANUL1/sem2/OOP/LAB/Lab8/teste.cpp"],"name":"_Z7testallv","regions":[[155,15,168,2,0,0,0,0],[164,1,167,1,0,0,0,2]]},{"branches":[[5,9,5,20,0,0,0,0,4],[6,21,6,35,0,0,0,0,4],[7,16,7,32,0,0,0,0,4],[7,36,7,52,0,0,0,0,4],[7,58,7,74,0,0,0,0,4],[7,78,7,94,0,0,0,0,4],[7,99,7,115,0,0,0,0,4]],"count":0,"filenames":["/Users/croitoruandreea/Desktop/ANUL1/sem2/OOP/LAB/Lab8/validator.cpp"],"name":"_Z11validStringNSt3__112basic_stringIcNS_11char_traitsIcEENS_9allocatorIcEEEE","regions":[[4,30,10,2,0,0,0,0],[5,9,5,20,0,0,0,0],[5,21,5,22,0,0,0,3],[5,22,5,34,0,0,0,0],[5,35,6,5,0,0,0,3],[6,5,10,2,0,0,0,0],[6,21,6,35,0,0,0,0],[6,37,6,40,0,0,0,0],[6,41,6,42,0,0,0,3],[6,42,8,6,0,0,0,0],[7,13,7,116,0,0,0,0],[7,15,7,53,0,0,0,0],[7,15,7,95,0,0,0,0],[7,16,7,32,0,0,0,0],[7,36,7,52,0,0,0,0],[7,57,7,95,0,0,0,0],[7,58,7,74,0,0,0,0],[7,78,7,94,0,0,0,0],[7,99,7,115,0,0,0,0],[7,117,7,118,0,0,0,3],[7,118,7,130,0,0,0,0],[8,6,9,5,0,0,0,3],[9,5,9,16,0,0,0,0]]},{"branches":[[15,9,15,38,0,0,0,0,4],[16,9,16,38,0,0,0,0,4],[17,9,17,38,0,0,0,0,4],[18,9,18,15,0,0,0,0,4],[19,9,19,24,0,0,0,0,4]],"count":0,"filenames":["/Users/croitoruandreea/Desktop/ANUL1/sem2/OOP/LAB/Lab8/validator.cpp"],"name":"_ZN9Validator18validateDisciplinaENSt3__112basic_stringIcNS0_11char_traitsIcEENS0_9allocatorIcEEEEiS6_S6_","regions":[[12,82,20,2,0,0,0,0],[14,1,14,1,0,0,0,2],[15,9,15,38,0,0,0,0],[15,39,15,40,0,0,0,3],[15,40,15,83,0,0,0,0],[16,9,16,38,0,0,0,0],[16,39,16,40,0,0,0,3],[16,40,16,93,0,0,0,0],[17,9,17,38,0,0,0,0],[17,39,17,40,0,0,0,3],[17,40,17,78,0,0,0,0],[18,9,18,15,0,0,0,0],[18,16,18,17,0,0,0,3],[18,17,18,64,0,0,0,0],[19,9,19,24,0,0,0,0],[19,25,19,26,0,0,0,3],[19,26,19,49,0,0,0,0]]}],"totals":{"branches":{"count":90,"covered":0,"notcovered":90,"percent":0},"functions":{"count":54,"covered":0,"percent":0},"instantiations":{"count":54,"covered":0,"percent":0},"lines":{"count":444,"covered":0,"percent":0},"regions":{"count":159,"covered":0,"notcovered":159,"percent":0}}}],"type":"llvm.coverage.json.export","version":"2.0.1"}