{"data":[{"files":[{"branches":[[21,21,21,30,36,31,0,0,4],[33,21,33,30,100,59,0,0,4],[43,9,43,30,105,1,0,0,4],[46,21,46,30,6,1,0,0,4],[71,23,71,36,1,6,0,0,4],[85,17,85,28,6,2,0,0,4],[86,25,86,36,6,6,0,0,4],[89,17,89,33,3,3,0,0,4]],"expansions":[{"branches":[],"filenames":["/Users/croitoruandreea/Desktop/OOP/LAB/Lab5 - Estera/MyList.c","/Users/croitoruandreea/Desktop/OOP/LAB/Lab5 - Estera/MyList.c","/Users/croitoruandreea/Desktop/OOP/LAB/Lab5 - Estera/MyList.c"],"source_region":[12,59,12,62,59,0,1,1],"target_regions":[[10,40,17,2,59,0,0,0],[12,59,12,62,59,0,1,1],[14,25,14,28,59,0,2,1],[6,13,6,14,59,1,0,0],[6,13,6,14,59,2,0,0]]},{"branches":[],"filenames":["/Users/croitoruandreea/Desktop/OOP/LAB/Lab5 - Estera/MyList.c","/Users/croitoruandreea/Desktop/OOP/LAB/Lab5 - Estera/MyList.c","/Users/croitoruandreea/Desktop/OOP/LAB/Lab5 - Estera/MyList.c"],"source_region":[14,25,14,28,59,0,2,1],"target_regions":[[10,40,17,2,59,0,0,0],[12,59,12,62,59,0,1,1],[14,25,14,28,59,0,2,1],[6,13,6,14,59,1,0,0],[6,13,6,14,59,2,0,0]]}],"filename":"/Users/croitoruandreea/Desktop/OOP/LAB/Lab5 - Estera/MyList.c","segments":[[6,13,118,true,true,false],[6,14,0,false,false,false],[10,40,59,true,true,false],[12,59,59,true,true,false],[12,62,59,true,false,false],[14,25,59,true,true,false],[14,28,59,true,false,false],[17,2,0,false,false,false],[19,46,31,true,true,false],[21,21,67,true,true,false],[21,30,31,true,false,false],[21,32,36,true,true,false],[21,35,31,true,false,false],[21,36,36,true,false,true],[21,37,36,true,true,false],[24,6,31,true,false,false],[26,2,0,false,false,false],[28,21,87,true,true,false],[30,2,0,false,false,false],[32,29,59,true,true,false],[33,21,159,true,true,false],[33,30,59,true,false,false],[33,32,100,true,true,false],[33,35,59,true,false,false],[33,36,100,true,false,true],[34,5,100,true,true,false],[36,6,59,true,false,false],[40,2,0,false,false,false],[42,24,106,true,true,false],[43,9,106,true,true,false],[43,30,106,true,false,false],[43,31,105,true,false,true],[44,9,105,true,true,false],[44,15,106,true,false,false],[44,16,1,true,false,true],[45,5,1,true,true,false],[46,21,7,true,true,false],[46,30,1,true,false,false],[46,32,6,true,true,false],[46,35,1,true,false,false],[46,36,6,true,false,true],[47,9,6,true,true,false],[47,38,1,true,false,false],[51,2,0,false,false,false],[53,40,106,true,true,false],[56,2,0,false,false,false],[59,38,91,true,true,false],[61,2,0,false,false,false],[63,47,3,true,true,false],[66,1,0,false,true,false],[66,1,3,true,false,false],[67,2,0,false,false,false],[69,36,6,true,true,false],[71,23,7,true,true,false],[71,36,6,true,false,false],[71,38,1,true,true,false],[71,41,6,true,false,false],[71,42,1,true,false,true],[72,9,1,true,true,false],[72,38,6,true,false,false],[75,2,0,false,false,false],[77,51,6,true,true,false],[81,2,0,false,false,false],[83,39,2,true,true,false],[85,17,8,true,true,false],[85,28,2,true,false,false],[85,30,6,true,true,false],[85,33,2,true,false,false],[85,34,6,true,false,true],[85,35,6,true,true,false],[86,25,12,true,true,false],[86,36,6,true,false,false],[86,38,6,true,true,false],[86,41,6,true,false,false],[86,43,6,true,true,false],[89,17,6,true,true,false],[89,33,6,true,false,false],[89,34,3,true,false,true],[89,35,3,true,true,false],[90,1,0,false,true,false],[90,32,3,true,false,false],[93,14,6,true,false,false],[95,6,2,true,false,false],[96,2,0,false,false,false]],"summary":{"branches":{"count":16,"covered":16,"notcovered":0,"percent":100},"functions":{"count":11,"covered":11,"percent":100},"instantiations":{"count":11,"covered":11,"percent":100},"lines":{"count":74,"covered":74,"percent":100},"regions":{"count":36,"covered":36,"notcovered":0,"percent":100}}},{"branches":[[33,12,33,16,170,30,0,0,4],[34,13,34,27,3,167,0,0,4],[43,9,43,18,0,34,0,0,4],[43,22,43,32,1,33,0,0,4],[46,9,46,20,1,32,0,0,4],[49,9,49,28,1,31,0,0,4],[49,32,49,62,2,29,0,0,4]],"expansions":[],"filename":"/Users/croitoruandreea/Desktop/OOP/LAB/Lab5 - Estera/cheltuiala.c","segments":[[10,69,90,true,true,false],[18,2,0,false,false,false],[20,39,90,true,true,false],[26,2,0,false,false,false],[28,42,36,true,true,false],[30,2,0,false,false,false],[32,42,33,true,true,false],[33,12,200,true,true,false],[33,16,33,true,false,false],[33,17,170,true,false,true],[33,18,170,true,true,false],[34,13,170,true,true,false],[34,27,170,true,false,false],[34,28,3,true,false,true],[34,29,3,true,true,false],[36,10,167,true,false,true],[37,9,167,true,true,false],[38,6,30,true,false,true],[39,5,30,true,true,false],[39,13,33,true,false,false],[40,2,0,false,false,false],[42,30,34,true,true,false],[43,9,34,true,true,false],[43,18,34,true,false,false],[43,22,34,true,true,false],[43,32,34,true,false,false],[43,33,1,true,false,true],[43,34,1,true,true,false],[45,6,33,true,false,true],[46,5,33,true,true,false],[46,9,33,true,true,false],[46,20,33,true,false,false],[46,21,1,true,false,true],[46,22,1,true,true,false],[48,6,32,true,false,true],[49,5,32,true,true,false],[49,9,32,true,true,false],[49,28,32,true,false,false],[49,32,31,true,true,false],[49,62,32,true,false,false],[49,63,3,true,false,true],[49,64,3,true,true,false],[51,6,29,true,false,true],[52,5,29,true,true,false],[52,13,32,true,false,false],[53,2,0,false,false,false]],"summary":{"branches":{"count":14,"covered":13,"notcovered":1,"percent":92.857142857142861},"functions":{"count":5,"covered":5,"percent":100},"instantiations":{"count":5,"covered":5,"percent":100},"lines":{"count":40,"covered":40,"percent":100},"regions":{"count":24,"covered":24,"notcovered":0,"percent":100}}},{"branches":[[75,8,75,18,0,0,0,0,4],[81,25,81,36,0,0,0,0,4],[92,8,92,17,0,0,0,0,4],[103,9,103,19,0,0,0,0,4],[134,12,134,14,0,0,0,0,4],[139,13,139,19,0,0,0,0,4],[145,13,145,19,0,0,0,0,4],[148,20,148,30,0,0,0,0,4],[158,13,158,19,0,0,0,0,4],[163,20,163,30,0,0,0,0,4],[172,13,172,19,0,0,0,0,4],[181,13,181,19,0,0,0,0,4],[191,13,191,19,0,0,0,0,4],[200,13,200,19,0,0,0,0,4],[206,13,206,19,0,0,0,0,4],[212,13,212,19,0,0,0,0,4],[216,13,216,20,0,0,0,0,4],[221,13,221,19,0,0,0,0,4],[226,13,226,20,0,0,0,0,4]],"expansions":[],"filename":"/Users/croitoruandreea/Desktop/OOP/LAB/Lab5 - Estera/main.c","segments":[[8,13,1,true,true,false],[27,2,0,false,false,false],[29,33,0,true,true,false],[33,1,0,false,true,false],[33,1,0,true,false,false],[37,1,0,false,true,false],[37,1,0,true,false,false],[41,1,0,false,true,false],[41,1,0,true,false,false],[45,1,0,false,true,false],[45,1,0,true,false,false],[47,1,0,false,true,false],[47,1,0,true,false,false],[49,2,0,false,false,false],[52,43,0,true,true,false],[56,1,0,false,true,false],[56,1,0,true,false,false],[60,1,0,false,true,false],[60,1,0,true,false,false],[64,1,0,false,true,false],[64,1,0,true,false,false],[68,1,0,false,true,false],[68,1,0,true,false,false],[70,1,0,false,true,false],[70,1,0,true,false,false],[72,2,0,false,false,false],[74,29,0,true,true,false],[75,8,0,true,true,false],[75,18,0,true,false,false],[76,5,0,true,true,false],[78,6,0,true,false,true],[79,9,0,true,true,false],[81,25,0,true,true,false],[81,36,0,true,false,false],[81,38,0,true,true,false],[81,41,0,true,false,false],[81,43,0,true,true,false],[84,10,0,true,false,false],[87,2,0,false,false,false],[89,37,0,true,true,false],[92,8,0,true,true,false],[92,17,0,true,false,false],[92,18,0,true,true,false],[94,6,0,true,false,true],[95,9,0,true,true,false],[96,1,0,false,true,false],[96,1,0,true,false,false],[99,2,0,false,false,false],[101,39,0,true,true,false],[103,9,0,true,true,false],[103,19,0,true,false,false],[104,9,0,true,true,false],[104,45,0,true,false,false],[106,9,0,true,true,false],[106,47,0,true,false,false],[107,2,0,false,false,false],[109,12,0,true,true,false],[110,1,0,false,true,false],[112,1,0,true,false,false],[114,1,0,false,true,false],[114,1,0,true,false,false],[119,1,0,false,true,false],[119,1,0,true,false,false],[132,1,0,false,true,false],[132,1,0,true,false,false],[134,12,0,true,true,false],[134,14,0,true,false,false],[134,16,0,true,true,false],[138,22,0,true,false,true],[139,13,0,true,true,false],[141,1,0,false,true,false],[141,46,0,true,false,false],[145,13,0,true,true,false],[148,20,0,true,true,false],[148,30,0,true,false,false],[148,31,0,true,true,false],[150,18,0,true,false,true],[151,21,0,true,true,false],[153,18,0,true,false,false],[154,1,0,false,true,false],[154,46,0,true,false,false],[158,13,0,true,true,false],[163,20,0,true,true,false],[163,30,0,true,false,false],[163,31,0,true,true,false],[165,18,0,true,false,true],[166,21,0,true,true,false],[168,18,0,true,false,false],[172,13,0,true,true,false],[179,22,0,true,false,true],[181,13,0,true,true,false],[189,22,0,true,false,true],[191,13,0,true,true,false],[198,22,0,true,false,true],[200,13,0,true,true,false],[204,22,0,true,false,true],[206,13,0,true,true,false],[210,22,0,true,false,true],[212,13,0,true,true,false],[214,22,0,true,false,true],[216,13,0,true,true,false],[217,1,0,false,true,false],[217,1,0,true,false,false],[221,13,0,true,true,false],[224,22,0,true,false,true],[226,13,0,true,true,false],[227,45,0,true,false,false],[230,2,0,false,false,false],[232,12,1,true,true,false],[234,1,0,false,true,false],[234,13,1,true,false,false],[236,2,0,false,false,false]],"summary":{"branches":{"count":38,"covered":0,"notcovered":38,"percent":0},"functions":{"count":8,"covered":2,"percent":25},"instantiations":{"count":8,"covered":2,"percent":25},"lines":{"count":200,"covered":24,"percent":12},"regions":{"count":40,"covered":2,"notcovered":38,"percent":5}}},{"branches":[[20,9,20,19,1,25,0,0,4],[24,20,24,49,22,24,0,0,4],[26,12,26,24,1,21,0,0,4],[41,8,41,16,1,3,0,0,4],[46,22,46,54,5,1,0,0,4],[48,12,48,23,2,3,0,0,4],[66,23,66,55,2,1,0,0,4],[68,13,68,24,2,0,0,0,4],[84,21,84,49,3,1,0,0,4],[86,13,86,25,2,1,0,0,4],[95,21,95,49,3,1,0,0,4],[97,13,97,23,2,1,0,0,4],[106,21,106,49,3,1,0,0,4],[108,13,108,37,2,1,0,0,4],[116,9,116,28,1,2,0,0,4],[127,9,127,28,2,1,0,0,4],[138,9,138,35,1,3,0,0,4]],"expansions":[],"filename":"/Users/croitoruandreea/Desktop/OOP/LAB/Lab5 - Estera/service.c","segments":[[5,1,10,true,true,false],[10,2,0,false,false,false],[12,57,10,true,true,false],[15,2,0,false,false,false],[17,84,26,true,true,false],[20,9,26,true,true,false],[20,19,26,true,false,false],[20,20,1,true,false,true],[20,21,1,true,true,false],[23,6,25,true,false,true],[24,5,25,true,true,false],[24,20,46,true,true,false],[24,49,25,true,false,false],[24,51,21,true,true,false],[24,54,25,true,false,false],[24,55,22,true,false,true],[24,56,22,true,true,false],[26,12,22,true,true,false],[26,24,22,true,false,false],[26,25,1,true,false,true],[26,26,1,true,true,false],[29,11,22,true,false,false],[30,6,24,true,false,true],[31,5,24,true,true,false],[34,1,0,false,true,false],[34,1,24,true,false,false],[35,13,25,true,false,false],[36,2,0,false,false,false],[38,88,4,true,true,false],[41,8,4,true,true,false],[41,16,4,true,false,false],[41,17,1,true,true,false],[44,6,3,true,false,true],[45,1,0,false,true,false],[45,1,3,true,false,true],[46,5,3,true,true,false],[46,22,6,true,true,false],[46,54,3,true,false,false],[46,56,3,true,true,false],[46,62,3,true,false,false],[46,63,5,true,true,false],[48,12,5,true,true,false],[48,23,5,true,false,false],[48,24,2,true,false,true],[49,9,2,true,true,false],[52,1,0,false,true,false],[52,1,2,true,false,false],[55,10,5,true,false,false],[56,1,0,false,true,false],[56,1,5,true,false,false],[57,6,1,true,false,true],[58,1,0,false,true,false],[58,1,1,true,false,true],[59,5,1,true,true,false],[60,13,3,true,false,false],[61,1,0,false,true,false],[61,1,3,true,false,false],[62,2,0,false,false,false],[65,56,3,true,true,false],[66,23,3,true,true,false],[66,55,3,true,false,false],[66,57,0,true,true,false],[66,62,3,true,false,false],[66,63,2,true,false,true],[66,64,2,true,true,false],[68,13,2,true,true,false],[68,24,2,true,false,false],[68,26,2,true,true,false],[71,1,0,false,true,false],[71,1,2,true,false,false],[76,6,1,true,false,true],[77,5,1,true,true,false],[77,13,3,true,false,false],[78,2,0,false,false,false],[82,58,1,true,true,false],[84,21,4,true,true,false],[84,49,1,true,false,false],[84,51,3,true,true,false],[84,54,1,true,false,false],[84,55,3,true,false,true],[84,56,3,true,true,false],[86,13,3,true,true,false],[86,25,3,true,false,false],[86,26,2,true,false,true],[86,27,2,true,true,false],[88,10,3,true,false,false],[89,6,1,true,false,false],[91,2,0,false,false,false],[93,56,1,true,true,false],[95,21,4,true,true,false],[95,49,1,true,false,false],[95,51,3,true,true,false],[95,54,1,true,false,false],[95,55,3,true,false,true],[95,56,3,true,true,false],[97,13,3,true,true,false],[97,23,3,true,false,false],[97,24,2,true,false,true],[97,25,2,true,true,false],[99,10,3,true,false,false],[100,6,1,true,false,false],[102,2,0,false,false,false],[104,61,1,true,true,false],[106,21,4,true,true,false],[106,49,1,true,false,false],[106,51,3,true,true,false],[106,54,1,true,false,false],[106,55,3,true,false,true],[106,56,3,true,true,false],[108,13,3,true,true,false],[108,37,3,true,false,false],[108,38,2,true,false,true],[108,39,2,true,true,false],[110,10,3,true,false,false],[111,6,1,true,false,false],[113,2,0,false,false,false],[115,45,3,true,true,false],[116,9,3,true,true,false],[116,28,3,true,false,false],[116,29,1,true,false,true],[116,30,1,true,true,false],[116,38,3,true,false,false],[116,39,2,true,false,true],[117,5,2,true,true,false],[117,13,3,true,false,false],[118,2,0,false,false,false],[120,55,1,true,true,false],[124,2,0,false,false,false],[126,48,3,true,true,false],[127,9,3,true,true,false],[127,28,3,true,false,false],[127,29,2,true,false,true],[127,30,2,true,true,false],[127,38,3,true,false,false],[127,39,1,true,false,true],[128,5,1,true,true,false],[128,13,3,true,false,false],[129,2,0,false,false,false],[131,58,1,true,true,false],[135,2,0,false,false,false],[137,37,4,true,true,false],[138,9,4,true,true,false],[138,35,4,true,false,false],[138,36,1,true,false,true],[139,1,0,false,true,false],[139,26,1,true,false,true],[140,9,1,true,true,false],[140,17,4,true,false,false],[140,18,3,true,false,true],[141,5,3,true,true,false],[144,13,4,true,false,false],[145,2,0,false,false,false]],"summary":{"branches":{"count":34,"covered":33,"notcovered":1,"percent":97.058823529411768},"functions":{"count":13,"covered":13,"percent":100},"instantiations":{"count":13,"covered":13,"percent":100},"lines":{"count":118,"covered":118,"percent":100},"regions":{"count":61,"covered":60,"notcovered":1,"percent":98.360655737704917}}},{"branches":[],"expansions":[],"filename":"/Users/croitoruandreea/Desktop/OOP/LAB/Lab5 - Estera/tests.c","segments":[[12,30,1,true,true,false],[13,40,0,true,false,true],[14,5,1,true,false,false],[15,2,0,false,false,false],[16,26,1,true,true,false],[18,23,0,true,false,true],[19,5,1,true,false,false],[19,23,0,true,false,true],[20,5,1,true,false,false],[20,29,0,true,false,true],[21,5,1,true,false,false],[21,43,0,true,false,true],[22,5,1,true,false,false],[23,2,0,false,false,false],[25,22,1,true,true,false],[27,30,0,true,false,true],[28,5,1,true,false,false],[30,30,0,true,false,true],[31,5,1,true,false,false],[33,30,0,true,false,true],[34,5,1,true,false,false],[36,30,0,true,false,true],[37,5,1,true,false,false],[38,2,0,false,false,false],[40,24,1,true,true,false],[42,34,0,true,false,true],[43,5,1,true,false,false],[44,2,0,false,false,false],[46,19,1,true,true,false],[55,34,0,true,false,true],[56,5,1,true,false,false],[57,2,0,false,false,false],[59,21,1,true,true,false],[64,24,0,true,false,true],[65,5,1,true,false,false],[65,27,0,true,false,true],[66,5,1,true,false,false],[67,2,0,false,false,false],[69,19,1,true,true,false],[76,32,0,true,false,true],[77,5,1,true,false,false],[78,2,0,false,false,false],[81,17,1,true,true,false],[85,34,0,true,false,true],[86,5,1,true,false,false],[87,2,0,false,false,false],[90,26,1,true,true,false],[93,1,0,false,true,false],[93,37,1,true,false,false],[95,23,0,true,false,true],[96,5,1,true,false,false],[97,23,0,true,false,true],[98,5,1,true,false,false],[99,2,0,false,false,false],[101,31,1,true,true,false],[107,23,0,true,false,true],[108,5,1,true,false,false],[109,23,0,true,false,true],[110,5,1,true,false,false],[111,23,0,true,false,true],[112,5,1,true,false,false],[113,2,0,false,false,false],[115,29,1,true,true,false],[119,41,0,true,false,true],[120,5,1,true,false,false],[121,23,0,true,false,true],[122,5,1,true,false,false],[123,2,0,false,false,false],[125,24,1,true,true,false],[131,27,0,true,false,true],[132,5,1,true,false,false],[133,27,0,true,false,true],[134,5,1,true,false,false],[136,2,0,false,false,false],[138,24,1,true,true,false],[144,27,0,true,false,true],[145,5,1,true,false,false],[146,24,0,true,false,true],[147,5,1,true,false,false],[149,2,0,false,false,false],[151,25,1,true,true,false],[157,27,0,true,false,true],[158,5,1,true,false,false],[159,43,0,true,false,true],[160,5,1,true,false,false],[162,2,0,false,false,false],[165,31,1,true,true,false],[172,26,0,true,false,true],[173,5,1,true,false,false],[175,2,0,false,false,false],[177,34,1,true,true,false],[184,23,0,true,false,true],[185,5,1,true,false,false],[187,2,0,false,false,false],[189,17,1,true,true,false],[195,27,0,true,false,true],[196,5,1,true,false,false],[198,2,0,false,false,false],[200,17,1,true,true,false],[202,50,0,true,false,true],[203,5,1,true,false,false],[203,58,0,true,false,true],[204,5,1,true,false,false],[204,45,0,true,false,true],[205,1,0,false,true,false],[205,1,0,true,false,true],[206,5,1,true,false,false],[206,36,0,true,false,true],[207,1,0,false,true,false],[207,18,0,true,false,true],[208,5,1,true,false,false],[209,36,0,true,false,true],[210,1,0,false,true,false],[211,18,0,true,false,true],[212,5,1,true,false,false],[213,36,0,true,false,true],[214,1,0,false,true,false],[216,15,0,true,false,true],[217,5,1,true,false,false],[218,36,0,true,false,true],[219,1,0,false,true,false],[219,1,0,true,false,true],[220,5,1,true,false,false],[221,26,0,true,false,true],[222,5,1,true,false,false],[223,1,0,false,true,false],[223,1,1,true,false,false],[224,2,0,false,false,false]],"summary":{"branches":{"count":0,"covered":0,"notcovered":0,"percent":0},"functions":{"count":18,"covered":18,"percent":100},"instantiations":{"count":18,"covered":18,"percent":100},"lines":{"count":184,"covered":145,"percent":78.804347826086953},"regions":{"count":18,"covered":18,"notcovered":0,"percent":100}}}],"functions":[{"branches":[],"count":1,"filenames":["/Users/croitoruandreea/Desktop/OOP/LAB/Lab5 - Estera/main.c"],"name":"Test","regions":[[8,13,27,2,1,0,0,0]]},{"branches":[],"count":0,"filenames":["/Users/croitoruandreea/Desktop/OOP/LAB/Lab5 - Estera/main.c"],"name":"citesteCheltuiala","regions":[[29,33,49,2,0,0,0,0],[33,1,33,1,0,0,0,2],[37,1,37,1,0,0,0,2],[41,1,41,1,0,0,0,2],[45,1,45,1,0,0,0,2],[47,1,47,1,0,0,0,2]]},{"branches":[],"count":0,"filenames":["/Users/croitoruandreea/Desktop/OOP/LAB/Lab5 - Estera/main.c"],"name":"citesteCheltuialaModificata","regions":[[52,43,72,2,0,0,0,0],[56,1,56,1,0,0,0,2],[60,1,60,1,0,0,0,2],[64,1,64,1,0,0,0,2],[68,1,68,1,0,0,0,2],[70,1,70,1,0,0,0,2]]},{"branches":[[75,8,75,18,0,0,0,0,4],[81,25,81,36,0,0,0,0,4]],"count":0,"filenames":["/Users/croitoruandreea/Desktop/OOP/LAB/Lab5 - Estera/main.c"],"name":"display_list","regions":[[74,29,87,2,0,0,0,0],[75,8,75,18,0,0,0,0],[75,19,76,5,0,0,0,3],[76,5,78,6,0,0,0,0],[78,6,79,9,0,0,0,3],[79,9,85,6,0,0,0,0],[81,25,81,36,0,0,0,0],[81,38,81,41,0,0,0,0],[81,42,81,43,0,0,0,3],[81,43,84,10,0,0,0,0]]},{"branches":[[92,8,92,17,0,0,0,0,4]],"count":0,"filenames":["/Users/croitoruandreea/Desktop/OOP/LAB/Lab5 - Estera/main.c"],"name":"addUI","regions":[[89,37,99,2,0,0,0,0],[92,8,92,17,0,0,0,0],[92,18,94,6,0,0,0,0],[94,6,95,9,0,0,0,3],[95,9,98,6,0,0,0,0],[96,1,96,1,0,0,0,2]]},{"branches":[[103,9,103,19,0,0,0,0,4]],"count":0,"filenames":["/Users/croitoruandreea/Desktop/OOP/LAB/Lab5 - Estera/main.c"],"name":"undoUI","regions":[[101,39,107,2,0,0,0,0],[103,9,103,19,0,0,0,0],[103,20,104,9,0,0,0,3],[104,9,104,45,0,0,0,0],[104,46,106,9,0,0,0,3],[106,9,106,47,0,0,0,0]]},{"branches":[[134,12,134,14,0,0,0,0,4],[139,13,139,19,0,0,0,0,4],[145,13,145,19,0,0,0,0,4],[148,20,148,30,0,0,0,0,4],[158,13,158,19,0,0,0,0,4],[163,20,163,30,0,0,0,0,4],[172,13,172,19,0,0,0,0,4],[181,13,181,19,0,0,0,0,4],[191,13,191,19,0,0,0,0,4],[200,13,200,19,0,0,0,0,4],[206,13,206,19,0,0,0,0,4],[212,13,212,19,0,0,0,0,4],[216,13,216,20,0,0,0,0,4],[221,13,221,19,0,0,0,0,4],[226,13,226,20,0,0,0,0,4]],"count":0,"filenames":["/Users/croitoruandreea/Desktop/OOP/LAB/Lab5 - Estera/main.c"],"name":"run","regions":[[109,12,230,2,0,0,0,0],[110,1,112,1,0,0,0,2],[114,1,114,1,0,0,0,2],[119,1,119,1,0,0,0,2],[132,1,132,1,0,0,0,2],[134,12,134,14,0,0,0,0],[134,15,134,16,0,0,0,3],[134,16,229,6,0,0,0,0],[138,22,227,45,0,0,0,3],[139,13,143,22,0,0,0,0],[141,1,141,46,0,0,0,2],[144,14,145,13,0,0,0,3],[145,13,156,22,0,0,0,0],[148,20,148,30,0,0,0,0],[148,31,150,18,0,0,0,0],[150,18,151,21,0,0,0,3],[151,21,153,18,0,0,0,0],[154,1,154,46,0,0,0,2],[157,14,158,13,0,0,0,3],[158,13,170,22,0,0,0,0],[163,20,163,30,0,0,0,0],[163,31,165,18,0,0,0,0],[165,18,166,21,0,0,0,3],[166,21,168,18,0,0,0,0],[171,14,172,13,0,0,0,3],[172,13,179,22,0,0,0,0],[180,14,181,13,0,0,0,3],[181,13,189,22,0,0,0,0],[190,14,191,13,0,0,0,3],[191,13,198,22,0,0,0,0],[199,14,200,13,0,0,0,3],[200,13,204,22,0,0,0,0],[205,14,206,13,0,0,0,3],[206,13,210,22,0,0,0,0],[211,14,212,13,0,0,0,3],[212,13,214,22,0,0,0,0],[215,14,216,13,0,0,0,3],[216,13,219,26,0,0,0,0],[217,1,217,1,0,0,0,2],[220,14,221,13,0,0,0,3],[221,13,224,22,0,0,0,0],[225,14,226,13,0,0,0,3],[226,13,227,45,0,0,0,0]]},{"branches":[],"count":1,"filenames":["/Users/croitoruandreea/Desktop/OOP/LAB/Lab5 - Estera/main.c"],"name":"main","regions":[[232,12,236,2,1,0,0,0],[234,1,234,13,0,0,0,2]]},{"branches":[],"count":90,"filenames":["/Users/croitoruandreea/Desktop/OOP/LAB/Lab5 - Estera/cheltuiala.c"],"name":"createCheltuiala","regions":[[10,69,18,2,90,0,0,0]]},{"branches":[],"count":90,"filenames":["/Users/croitoruandreea/Desktop/OOP/LAB/Lab5 - Estera/cheltuiala.c"],"name":"destroyCheltuiala","regions":[[20,39,26,2,90,0,0,0]]},{"branches":[],"count":36,"filenames":["/Users/croitoruandreea/Desktop/OOP/LAB/Lab5 - Estera/cheltuiala.c"],"name":"copyCheltuiala","regions":[[28,42,30,2,36,0,0,0]]},{"branches":[[33,12,33,16,170,30,0,0,4],[34,13,34,27,3,167,0,0,4]],"count":33,"filenames":["/Users/croitoruandreea/Desktop/OOP/LAB/Lab5 - Estera/cheltuiala.c"],"name":"containsOnlyLetters","regions":[[32,42,40,2,33,0,0,0],[33,12,33,16,200,0,0,0],[33,17,33,18,170,0,0,3],[33,18,38,6,170,0,0,0],[34,13,34,27,170,0,0,0],[34,28,34,29,3,0,0,3],[34,29,36,10,3,0,0,0],[36,10,37,9,167,0,0,3],[37,9,38,6,167,0,0,0],[38,6,39,5,30,0,0,3],[39,5,39,13,30,0,0,0]]},{"branches":[[43,9,43,18,0,34,0,0,4],[43,22,43,32,1,33,0,0,4],[46,9,46,20,1,32,0,0,4],[49,9,49,28,1,31,0,0,4],[49,32,49,62,2,29,0,0,4]],"count":34,"filenames":["/Users/croitoruandreea/Desktop/OOP/LAB/Lab5 - Estera/cheltuiala.c"],"name":"valideaza","regions":[[42,30,53,2,34,0,0,0],[43,9,43,18,34,0,0,0],[43,9,43,32,34,0,0,0],[43,22,43,32,34,0,0,0],[43,33,43,34,1,0,0,3],[43,34,45,6,1,0,0,0],[45,6,46,5,33,0,0,3],[46,5,53,2,33,0,0,0],[46,9,46,20,33,0,0,0],[46,21,46,22,1,0,0,3],[46,22,48,6,1,0,0,0],[48,6,49,5,32,0,0,3],[49,5,53,2,32,0,0,0],[49,9,49,28,32,0,0,0],[49,9,49,62,32,0,0,0],[49,32,49,62,31,0,0,0],[49,63,49,64,3,0,0,3],[49,64,51,6,3,0,0,0],[51,6,52,5,29,0,0,3],[52,5,52,13,29,0,0,0]]},{"branches":[],"count":59,"filenames":["/Users/croitoruandreea/Desktop/OOP/LAB/Lab5 - Estera/MyList.c","/Users/croitoruandreea/Desktop/OOP/LAB/Lab5 - Estera/MyList.c","/Users/croitoruandreea/Desktop/OOP/LAB/Lab5 - Estera/MyList.c"],"name":"createEmpty","regions":[[10,40,17,2,59,0,0,0],[12,59,12,62,59,0,1,1],[14,25,14,28,59,0,2,1],[6,13,6,14,59,1,0,0],[6,13,6,14,59,2,0,0]]},{"branches":[[21,21,21,30,36,31,0,0,4]],"count":31,"filenames":["/Users/croitoruandreea/Desktop/OOP/LAB/Lab5 - Estera/MyList.c"],"name":"copyList","regions":[[19,46,26,2,31,0,0,0],[21,21,21,30,67,0,0,0],[21,32,21,35,36,0,0,0],[21,36,21,37,36,0,0,3],[21,37,24,6,36,0,0,0]]},{"branches":[],"count":87,"filenames":["/Users/croitoruandreea/Desktop/OOP/LAB/Lab5 - Estera/MyList.c"],"name":"size","regions":[[28,21,30,2,87,0,0,0]]},{"branches":[[33,21,33,30,100,59,0,0,4]],"count":59,"filenames":["/Users/croitoruandreea/Desktop/OOP/LAB/Lab5 - Estera/MyList.c"],"name":"destroyLista","regions":[[32,29,40,2,59,0,0,0],[33,21,33,30,159,0,0,0],[33,32,33,35,100,0,0,0],[33,36,34,5,100,0,0,3],[34,5,36,6,100,0,0,0]]},{"branches":[[43,9,43,30,105,1,0,0,4],[46,21,46,30,6,1,0,0,4]],"count":106,"filenames":["/Users/croitoruandreea/Desktop/OOP/LAB/Lab5 - Estera/MyList.c"],"name":"resize","regions":[[42,24,51,2,106,0,0,0],[43,9,43,30,106,0,0,0],[43,31,44,9,105,0,0,3],[44,9,44,15,105,0,0,0],[44,16,45,5,1,0,0,3],[45,5,51,2,1,0,0,0],[46,21,46,30,7,0,0,0],[46,32,46,35,6,0,0,0],[46,36,47,9,6,0,0,3],[47,9,47,38,6,0,0,0]]},{"branches":[],"count":106,"filenames":["/Users/croitoruandreea/Desktop/OOP/LAB/Lab5 - Estera/MyList.c"],"name":"adauga","regions":[[53,40,56,2,106,0,0,0]]},{"branches":[],"count":91,"filenames":["/Users/croitoruandreea/Desktop/OOP/LAB/Lab5 - Estera/MyList.c"],"name":"getElem","regions":[[59,38,61,2,91,0,0,0]]},{"branches":[],"count":3,"filenames":["/Users/croitoruandreea/Desktop/OOP/LAB/Lab5 - Estera/MyList.c"],"name":"modifica","regions":[[63,47,67,2,3,0,0,0],[66,1,66,1,0,0,0,2]]},{"branches":[[71,23,71,36,1,6,0,0,4]],"count":6,"filenames":["/Users/croitoruandreea/Desktop/OOP/LAB/Lab5 - Estera/MyList.c"],"name":"sterge","regions":[[69,36,75,2,6,0,0,0],[71,23,71,36,7,0,0,0],[71,38,71,41,1,0,0,0],[71,42,72,9,1,0,0,3],[72,9,72,38,1,0,0,0]]},{"branches":[],"count":6,"filenames":["/Users/croitoruandreea/Desktop/OOP/LAB/Lab5 - Estera/MyList.c"],"name":"setElem","regions":[[77,51,81,2,6,0,0,0]]},{"branches":[[85,17,85,28,6,2,0,0,4],[86,25,86,36,6,6,0,0,4],[89,17,89,33,3,3,0,0,4]],"count":2,"filenames":["/Users/croitoruandreea/Desktop/OOP/LAB/Lab5 - Estera/MyList.c"],"name":"sort","regions":[[83,39,96,2,2,0,0,0],[85,17,85,28,8,0,0,0],[85,30,85,33,6,0,0,0],[85,34,85,35,6,0,0,3],[85,35,95,6,6,0,0,0],[86,25,86,36,12,0,0,0],[86,38,86,41,6,0,0,0],[86,42,86,43,6,0,0,3],[86,43,94,10,6,0,0,0],[89,17,89,33,6,0,0,0],[89,34,89,35,3,0,0,3],[89,35,93,14,3,0,0,0],[90,1,90,32,0,0,0,2]]},{"branches":[],"count":10,"filenames":["/Users/croitoruandreea/Desktop/OOP/LAB/Lab5 - Estera/service.c"],"name":"createManagerCheltuieli","regions":[[5,1,10,2,10,0,0,0]]},{"branches":[],"count":10,"filenames":["/Users/croitoruandreea/Desktop/OOP/LAB/Lab5 - Estera/service.c"],"name":"destroyManagerCheltuieli","regions":[[12,57,15,2,10,0,0,0]]},{"branches":[[20,9,20,19,1,25,0,0,4],[24,20,24,49,22,24,0,0,4],[26,12,26,24,1,21,0,0,4]],"count":26,"filenames":["/Users/croitoruandreea/Desktop/OOP/LAB/Lab5 - Estera/service.c"],"name":"addCheltuiala","regions":[[17,84,36,2,26,0,0,0],[20,9,20,19,26,0,0,0],[20,20,20,21,1,0,0,3],[20,21,23,6,1,0,0,0],[23,6,24,5,25,0,0,3],[24,5,36,2,25,0,0,0],[24,20,24,49,46,0,0,0],[24,51,24,54,21,0,0,0],[24,55,24,56,22,0,0,3],[24,56,30,6,22,0,0,0],[26,12,26,24,22,0,0,0],[26,25,26,26,1,0,0,3],[26,26,29,11,1,0,0,0],[30,6,31,5,24,0,0,3],[31,5,35,13,24,0,0,0],[34,1,34,1,0,0,0,2]]},{"branches":[[41,8,41,16,1,3,0,0,4],[46,22,46,54,5,1,0,0,4],[48,12,48,23,2,3,0,0,4]],"count":4,"filenames":["/Users/croitoruandreea/Desktop/OOP/LAB/Lab5 - Estera/service.c"],"name":"modificaCheltuiala","regions":[[38,88,62,2,4,0,0,0],[41,8,41,16,4,0,0,0],[41,17,44,6,1,0,0,0],[44,6,46,5,3,0,0,3],[45,1,45,1,0,0,0,2],[46,5,62,2,3,0,0,0],[46,22,46,54,6,0,0,0],[46,56,46,62,3,0,0,0],[46,63,57,6,5,0,0,0],[48,12,48,23,5,0,0,0],[48,24,49,9,2,0,0,3],[49,9,55,10,2,0,0,0],[52,1,52,1,0,0,0,2],[56,1,56,1,0,0,0,2],[57,6,59,5,1,0,0,3],[58,1,58,1,0,0,0,2],[59,5,60,13,1,0,0,0],[61,1,61,1,0,0,0,2]]},{"branches":[[66,23,66,55,2,1,0,0,4],[68,13,68,24,2,0,0,0,4]],"count":3,"filenames":["/Users/croitoruandreea/Desktop/OOP/LAB/Lab5 - Estera/service.c"],"name":"stergeCheltuiala","regions":[[65,56,78,2,3,0,0,0],[66,23,66,55,3,0,0,0],[66,57,66,62,0,0,0,0],[66,63,66,64,2,0,0,3],[66,64,76,6,2,0,0,0],[68,13,68,24,2,0,0,0],[68,25,68,26,2,0,0,3],[68,26,75,10,2,0,0,0],[71,1,71,1,0,0,0,2],[76,6,77,5,1,0,0,3],[77,5,77,13,1,0,0,0]]},{"branches":[[84,21,84,49,3,1,0,0,4],[86,13,86,25,2,1,0,0,4]],"count":1,"filenames":["/Users/croitoruandreea/Desktop/OOP/LAB/Lab5 - Estera/service.c"],"name":"filter_by_sum","regions":[[82,58,91,2,1,0,0,0],[84,21,84,49,4,0,0,0],[84,51,84,54,3,0,0,0],[84,55,84,56,3,0,0,3],[84,56,89,6,3,0,0,0],[86,13,86,25,3,0,0,0],[86,26,86,27,2,0,0,3],[86,27,88,10,2,0,0,0]]},{"branches":[[95,21,95,49,3,1,0,0,4],[97,13,97,23,2,1,0,0,4]],"count":1,"filenames":["/Users/croitoruandreea/Desktop/OOP/LAB/Lab5 - Estera/service.c"],"name":"filter_by_day","regions":[[93,56,102,2,1,0,0,0],[95,21,95,49,4,0,0,0],[95,51,95,54,3,0,0,0],[95,55,95,56,3,0,0,3],[95,56,100,6,3,0,0,0],[97,13,97,23,3,0,0,0],[97,24,97,25,2,0,0,3],[97,25,99,10,2,0,0,0]]},{"branches":[[106,21,106,49,3,1,0,0,4],[108,13,108,37,2,1,0,0,4]],"count":1,"filenames":["/Users/croitoruandreea/Desktop/OOP/LAB/Lab5 - Estera/service.c"],"name":"filter_by_type","regions":[[104,61,113,2,1,0,0,0],[106,21,106,49,4,0,0,0],[106,51,106,54,3,0,0,0],[106,55,106,56,3,0,0,3],[106,56,111,6,3,0,0,0],[108,13,108,37,3,0,0,0],[108,38,108,39,2,0,0,3],[108,39,110,10,2,0,0,0]]},{"branches":[[116,9,116,28,1,2,0,0,4]],"count":3,"filenames":["/Users/croitoruandreea/Desktop/OOP/LAB/Lab5 - Estera/service.c"],"name":"cmpcresc","regions":[[115,45,118,2,3,0,0,0],[116,9,116,28,3,0,0,0],[116,29,116,30,1,0,0,3],[116,30,116,38,1,0,0,0],[116,39,117,5,2,0,0,3],[117,5,117,13,2,0,0,0]]},{"branches":[],"count":1,"filenames":["/Users/croitoruandreea/Desktop/OOP/LAB/Lab5 - Estera/service.c"],"name":"sortare_crescatoare","regions":[[120,55,124,2,1,0,0,0]]},{"branches":[[127,9,127,28,2,1,0,0,4]],"count":3,"filenames":["/Users/croitoruandreea/Desktop/OOP/LAB/Lab5 - Estera/service.c"],"name":"cmpdescresc","regions":[[126,48,129,2,3,0,0,0],[127,9,127,28,3,0,0,0],[127,29,127,30,2,0,0,3],[127,30,127,38,2,0,0,0],[127,39,128,5,1,0,0,3],[128,5,128,13,1,0,0,0]]},{"branches":[],"count":1,"filenames":["/Users/croitoruandreea/Desktop/OOP/LAB/Lab5 - Estera/service.c"],"name":"sortare_descrescatoare","regions":[[131,58,135,2,1,0,0,0]]},{"branches":[[138,9,138,35,1,3,0,0,4]],"count":4,"filenames":["/Users/croitoruandreea/Desktop/OOP/LAB/Lab5 - Estera/service.c"],"name":"undo","regions":[[137,37,145,2,4,0,0,0],[138,9,138,35,4,0,0,0],[138,36,140,9,1,0,0,3],[139,1,139,26,0,0,0,2],[140,9,140,17,1,0,0,0],[140,18,141,5,3,0,0,3],[141,5,144,13,3,0,0,0]]},{"branches":[],"count":1,"filenames":["/Users/croitoruandreea/Desktop/OOP/LAB/Lab5 - Estera/tests.c"],"name":"testContainsOnlyLetter","regions":[[12,30,15,2,1,0,0,0],[13,40,14,5,0,0,0,3]]},{"branches":[],"count":1,"filenames":["/Users/croitoruandreea/Desktop/OOP/LAB/Lab5 - Estera/tests.c"],"name":"testCreateDestroy","regions":[[16,26,23,2,1,0,0,0],[18,23,19,5,0,0,0,3],[19,23,20,5,0,0,0,3],[20,29,21,5,0,0,0,3],[21,43,22,5,0,0,0,3]]},{"branches":[],"count":1,"filenames":["/Users/croitoruandreea/Desktop/OOP/LAB/Lab5 - Estera/tests.c"],"name":"testValideaza","regions":[[25,22,38,2,1,0,0,0],[27,30,28,5,0,0,0,3],[30,30,31,5,0,0,0,3],[33,30,34,5,0,0,0,3],[36,30,37,5,0,0,0,3]]},{"branches":[],"count":1,"filenames":["/Users/croitoruandreea/Desktop/OOP/LAB/Lab5 - Estera/tests.c"],"name":"testCreateEmpty","regions":[[40,24,44,2,1,0,0,0],[42,34,43,5,0,0,0,3]]},{"branches":[],"count":1,"filenames":["/Users/croitoruandreea/Desktop/OOP/LAB/Lab5 - Estera/tests.c"],"name":"testAdauga","regions":[[46,19,57,2,1,0,0,0],[55,34,56,5,0,0,0,3]]},{"branches":[],"count":1,"filenames":["/Users/croitoruandreea/Desktop/OOP/LAB/Lab5 - Estera/tests.c"],"name":"testModifica","regions":[[59,21,67,2,1,0,0,0],[64,24,65,5,0,0,0,3],[65,27,66,5,0,0,0,3]]},{"branches":[],"count":1,"filenames":["/Users/croitoruandreea/Desktop/OOP/LAB/Lab5 - Estera/tests.c"],"name":"testSterge","regions":[[69,19,78,2,1,0,0,0],[76,32,77,5,0,0,0,3]]},{"branches":[],"count":1,"filenames":["/Users/croitoruandreea/Desktop/OOP/LAB/Lab5 - Estera/tests.c"],"name":"testSize","regions":[[81,17,87,2,1,0,0,0],[85,34,86,5,0,0,0,3]]},{"branches":[],"count":1,"filenames":["/Users/croitoruandreea/Desktop/OOP/LAB/Lab5 - Estera/tests.c"],"name":"testAddCheltuiala","regions":[[90,26,99,2,1,0,0,0],[93,1,93,37,0,0,0,2],[95,23,96,5,0,0,0,3],[97,23,98,5,0,0,0,3]]},{"branches":[],"count":1,"filenames":["/Users/croitoruandreea/Desktop/OOP/LAB/Lab5 - Estera/tests.c"],"name":"testModificaCheltuiala","regions":[[101,31,113,2,1,0,0,0],[107,23,108,5,0,0,0,3],[109,23,110,5,0,0,0,3],[111,23,112,5,0,0,0,3]]},{"branches":[],"count":1,"filenames":["/Users/croitoruandreea/Desktop/OOP/LAB/Lab5 - Estera/tests.c"],"name":"testStergeCheltuiala","regions":[[115,29,123,2,1,0,0,0],[119,41,120,5,0,0,0,3],[121,23,122,5,0,0,0,3]]},{"branches":[],"count":1,"filenames":["/Users/croitoruandreea/Desktop/OOP/LAB/Lab5 - Estera/tests.c"],"name":"testFilterBySum","regions":[[125,24,136,2,1,0,0,0],[131,27,132,5,0,0,0,3],[133,27,134,5,0,0,0,3]]},{"branches":[],"count":1,"filenames":["/Users/croitoruandreea/Desktop/OOP/LAB/Lab5 - Estera/tests.c"],"name":"testFilterByDay","regions":[[138,24,149,2,1,0,0,0],[144,27,145,5,0,0,0,3],[146,24,147,5,0,0,0,3]]},{"branches":[],"count":1,"filenames":["/Users/croitoruandreea/Desktop/OOP/LAB/Lab5 - Estera/tests.c"],"name":"testFilterByType","regions":[[151,25,162,2,1,0,0,0],[157,27,158,5,0,0,0,3],[159,43,160,5,0,0,0,3]]},{"branches":[],"count":1,"filenames":["/Users/croitoruandreea/Desktop/OOP/LAB/Lab5 - Estera/tests.c"],"name":"testSortareCrescatoare","regions":[[165,31,175,2,1,0,0,0],[172,26,173,5,0,0,0,3]]},{"branches":[],"count":1,"filenames":["/Users/croitoruandreea/Desktop/OOP/LAB/Lab5 - Estera/tests.c"],"name":"testSortareDescrescatoare","regions":[[177,34,187,2,1,0,0,0],[184,23,185,5,0,0,0,3]]},{"branches":[],"count":1,"filenames":["/Users/croitoruandreea/Desktop/OOP/LAB/Lab5 - Estera/tests.c"],"name":"testCopy","regions":[[189,17,198,2,1,0,0,0],[195,27,196,5,0,0,0,3]]},{"branches":[],"count":1,"filenames":["/Users/croitoruandreea/Desktop/OOP/LAB/Lab5 - Estera/tests.c"],"name":"testUndo","regions":[[200,17,224,2,1,0,0,0],[202,50,203,5,0,0,0,3],[203,58,204,5,0,0,0,3],[204,45,206,5,0,0,0,3],[205,1,205,1,0,0,0,2],[206,36,208,5,0,0,0,3],[207,1,207,18,0,0,0,2],[209,36,212,5,0,0,0,3],[210,1,211,18,0,0,0,2],[213,36,217,5,0,0,0,3],[214,1,216,15,0,0,0,2],[218,36,220,5,0,0,0,3],[219,1,219,1,0,0,0,2],[221,26,222,5,0,0,0,3],[223,1,223,1,0,0,0,2]]}],"totals":{"branches":{"count":102,"covered":62,"notcovered":40,"percent":60.784313725490193},"functions":{"count":55,"covered":49,"percent":89.090909090909093},"instantiations":{"count":55,"covered":49,"percent":89.090909090909093},"lines":{"count":616,"covered":401,"percent":65.097402597402592},"regions":{"count":179,"covered":140,"notcovered":39,"percent":78.212290502793294}}}],"type":"llvm.coverage.json.export","version":"2.0.1"}